 [ { "BusStopCode": "01012", "RoadName": "Victoria St", "Description": "Hotel Grand Pacific", "Latitude": 1.29684825487647, "Longitude": 103.85253591654006 }, { "BusStopCode": "01013", "RoadName": "Victoria St", "Description": "St. Joseph's Ch", "Latitude": 1.29770970610083, "Longitude": 103.8532247463225 }, { "BusStopCode": "01019", "RoadName": "Victoria St", "Description": "Bras Basah Cplx", "Latitude": 1.29698951191332, "Longitude": 103.85302201172507 }, { "BusStopCode": "01029", "RoadName": "Nth Bridge Rd", "Description": "Opp Natl Lib", "Latitude": 1.2966729849642, "Longitude": 103.85441422464267 }, { "BusStopCode": "01039", "RoadName": "Nth Bridge Rd", "Description": "Bugis Cube", "Latitude": 1.29820784139683, "Longitude": 103.85549139837407 }, { "BusStopCode": "01059", "RoadName": "Victoria St", "Description": "Bugis Stn Exit B", "Latitude": 1.30075679526626, "Longitude": 103.85611040457583 }, { "BusStopCode": "01109", "RoadName": "Queen St", "Description": "Queen St Ter", "Latitude": 1.30358577565355, "Longitude": 103.85650372998224 }, { "BusStopCode": "01112", "RoadName": "Victoria St", "Description": "Opp Bugis Stn Exit C", "Latitude": 1.30009212839081, "Longitude": 103.85520027125814 }, { "BusStopCode": "01113", "RoadName": "Victoria St", "Description": "Bugis Stn Exit A", "Latitude": 1.30117297541547, "Longitude": 103.8561140106393 }, { "BusStopCode": "01119", "RoadName": "Victoria St", "Description": "Aft Bugis Stn Exit C", "Latitude": 1.2996041093804, "Longitude": 103.85512934079571 }, { "BusStopCode": "01121", "RoadName": "Victoria St", "Description": "Stamford Pr Sch", "Latitude": 1.30393809691048, "Longitude": 103.85867999243207 }, { "BusStopCode": "01129", "RoadName": "Victoria St", "Description": "Opp Stamford Pr Sch", "Latitude": 1.30350269187301, "Longitude": 103.85864530718491 }, { "BusStopCode": "01139", "RoadName": "Nth Bridge Rd", "Description": "Parkview Sq", "Latitude": 1.30033057855542, "Longitude": 103.85716080665901 }, { "BusStopCode": "01211", "RoadName": "Victoria St", "Description": "Opp Blk 461", "Latitude": 1.30551803523268, "Longitude": 103.8605449516032 }, { "BusStopCode": "01219", "RoadName": "Victoria St", "Description": "Blk 461", "Latitude": 1.30526598535719, "Longitude": 103.86072019914616 }, { "BusStopCode": "01229", "RoadName": "Nth Bridge Rd", "Description": "Bef Sultan Mque", "Latitude": 1.30337552638813, "Longitude": 103.85963089198265 }, { "BusStopCode": "01231", "RoadName": "Jln Sultan", "Description": "Opp Textile Ctr", "Latitude": 1.3032499999752, "Longitude": 103.8610830559663 }, { "BusStopCode": "01239", "RoadName": "Jln Sultan", "Description": "Sultan Plaza", "Latitude": 1.30291236608351, "Longitude": 103.86161817611134 }, { "BusStopCode": "01311", "RoadName": "Kallang Rd", "Description": "Lavender Stn Exit B", "Latitude": 1.3070916463394, "Longitude": 103.86219695240973 }, { "BusStopCode": "01319", "RoadName": "Kallang Rd", "Description": "Lavender Stn Exit A/ICA", "Latitude": 1.30757426746418, "Longitude": 103.86325596123476 }, { "BusStopCode": "01329", "RoadName": "Nth Bridge Rd", "Description": "Blk 8", "Latitude": 1.30495670239172, "Longitude": 103.86363028484124 }, { "BusStopCode": "01339", "RoadName": "Crawford St", "Description": "Bef Crawford Bridge", "Latitude": 1.30774601733202, "Longitude": 103.8642627465441 }, { "BusStopCode": "01341", "RoadName": "Crawford St", "Description": "Southbank", "Latitude": 1.30647555600578, "Longitude": 103.86452527798744 }, { "BusStopCode": "01349", "RoadName": "Crawford St", "Description": "Opp Blk 4", "Latitude": 1.30568635716829, "Longitude": 103.86543994417883 }, { "BusStopCode": "01411", "RoadName": "Beach Rd", "Description": "Opp St. John HQ", "Latitude": 1.30211332865049, "Longitude": 103.86295598167331 }, { "BusStopCode": "01419", "RoadName": "Beach Rd", "Description": "St. John HQ", "Latitude": 1.3020199999911, "Longitude": 103.86326333301203 }, { "BusStopCode": "01421", "RoadName": "Beach Rd", "Description": "Opp Golden Mile Cplx", "Latitude": 1.30338444400173, "Longitude": 103.86483888898641 }, { "BusStopCode": "01429", "RoadName": "Beach Rd", "Description": "Golden Mile Cplx", "Latitude": 1.3032136089394, "Longitude": 103.86501584807763 }, { "BusStopCode": "01511", "RoadName": "Beach Rd", "Description": "Opp The Gateway", "Latitude": 1.29919826103807, "Longitude": 103.85864518302436 }, { "BusStopCode": "01519", "RoadName": "Beach Rd", "Description": "The Gateway", "Latitude": 1.29907492488417, "Longitude": 103.8589102973441 }, { "BusStopCode": "01521", "RoadName": "Beach Rd", "Description": "Opp Plaza Parkroyal", "Latitude": 1.30088304437602, "Longitude": 103.86066098182194 }, { "BusStopCode": "01529", "RoadName": "Beach Rd", "Description": "Plaza Parkroyal", "Latitude": 1.30041667676526, "Longitude": 103.86044115259938 }, { "BusStopCode": "01541", "RoadName": "Rochor Rd", "Description": "Bugis Stn Exit D", "Latitude": 1.29886465442254, "Longitude": 103.85734583628746 }, { "BusStopCode": "01549", "RoadName": "Ophir Rd", "Description": "Opp Duo Residences", "Latitude": 1.30069868861162, "Longitude": 103.85873120467069 }, { "BusStopCode": "01559", "RoadName": "Ophir Rd", "Description": "Landmark Village Hotel", "Latitude": 1.30168731070562, "Longitude": 103.85752923961614 }, { "BusStopCode": "01611", "RoadName": "Beach Rd", "Description": "Aft Raffles Hotel", "Latitude": 1.29527259171342, "Longitude": 103.85533686181174 }, { "BusStopCode": "01619", "RoadName": "Beach Rd", "Description": "Esplanade Stn Exit F", "Latitude": 1.29428694178246, "Longitude": 103.85503809424233 }, { "BusStopCode": "01621", "RoadName": "Beach Rd", "Description": "Opp Shaw Twrs", "Latitude": 1.29695888888745, "Longitude": 103.85655611109846 }, { "BusStopCode": "01629", "RoadName": "Beach Rd", "Description": "Shaw Twrs", "Latitude": 1.297085, "Longitude": 103.856894 }, { "BusStopCode": "01631", "RoadName": "Middle Rd", "Description": "Aft Beach Rd", "Latitude": 1.29693614589482, "Longitude": 103.85580555528077 }, { "BusStopCode": "01639", "RoadName": "Middle Rd", "Description": "Bef Beach Rd", "Latitude": 1.29738750001468, "Longitude": 103.85557583297624 }, { "BusStopCode": "02029", "RoadName": "Esplanade Dr", "Description": "Aft Esplanade Stn Exit D", "Latitude": 1.290106, "Longitude": 103.85464 }, { "BusStopCode": "02049", "RoadName": "Bras Basah Rd", "Description": "Raffles Hotel", "Latitude": 1.29452091230981, "Longitude": 103.85402155505173 }, { "BusStopCode": "02051", "RoadName": "Raffles Ave", "Description": "The Float @ Marina Bay", "Latitude": 1.2895030556082, "Longitude": 103.85903388899317 }, { "BusStopCode": "02061", "RoadName": "Raffles Ave", "Description": "The Esplanade", "Latitude": 1.2899638888957, "Longitude": 103.85640388886262 }, { "BusStopCode": "02089", "RoadName": "Raffles Blvd", "Description": "Promenade Stn/Pan Pacific", "Latitude": 1.29152694444975, "Longitude": 103.8592061110504 }, { "BusStopCode": "02099", "RoadName": "Raffles Blvd", "Description": "Marina Ctr Ter", "Latitude": 1.29147264805943, "Longitude": 103.86148558380779 }, { "BusStopCode": "02101", "RoadName": "Raffles Ave", "Description": "AFT S'PORE FLYER", "Latitude": 1.28938483786533, "Longitude": 103.86183148116275 }, { "BusStopCode": "02111", "RoadName": "Esplanade Dr", "Description": "Esplanade Bridge", "Latitude": 1.29095592348389, "Longitude": 103.85453419435228 }, { "BusStopCode": "02119", "RoadName": "Nicoll Highway", "Description": "Opp War Memorial Pk", "Latitude": 1.29184407356581, "Longitude": 103.85534334305085 }, { "BusStopCode": "02141", "RoadName": "Temasek Blvd", "Description": "Suntec Twr Two", "Latitude": 1.29576571603037, "Longitude": 103.85933814632858 }, { "BusStopCode": "02149", "RoadName": "Temasek Blvd", "Description": "Suntec Twr Three", "Latitude": 1.29560459817725, "Longitude": 103.85955533029184 }, { "BusStopCode": "02151", "RoadName": "Temasek Blvd", "Description": "Suntec Convention Ctr", "Latitude": 1.29317776320814, "Longitude": 103.85784623004031 }, { "BusStopCode": "02159", "RoadName": "Temasek Blvd", "Description": "Opp Suntec Convention Ctr", "Latitude": 1.29360811227161, "Longitude": 103.85840672828635 }, { "BusStopCode": "02161", "RoadName": "Temasek Ave", "Description": "Promenade Stn", "Latitude": 1.29268553508737, "Longitude": 103.86093156188176 }, { "BusStopCode": "02169", "RoadName": "Temasek Ave", "Description": "Promenade Stn Exit B", "Latitude": 1.29333836780589, "Longitude": 103.86070849052753 }, { "BusStopCode": "02171", "RoadName": "Temasek Ave", "Description": "Opp The Ritz-Carlton", "Latitude": 1.29070000003898, "Longitude": 103.86092194446034 }, { "BusStopCode": "02181", "RoadName": "Parliament Pl", "Description": "Supreme Ct", "Latitude": 1.28947444402148, "Longitude": 103.85098166700017 }, { "BusStopCode": "03011", "RoadName": "Fullerton Rd", "Description": "Fullerton Sq", "Latitude": 1.28561840945474, "Longitude": 103.85342223246427 }, { "BusStopCode": "03019", "RoadName": "Collyer Quay", "Description": "OUE Bayfront", "Latitude": 1.284245000013, "Longitude": 103.85310805599599 }, { "BusStopCode": "03021", "RoadName": "Cecil St", "Description": "Prudential Twr", "Latitude": 1.28255524603003, "Longitude": 103.84998903789258 }, { "BusStopCode": "03031", "RoadName": "Robinson Rd", "Description": "Raffles Pl Stn Exit F", "Latitude": 1.28207492207952, "Longitude": 103.85086074925066 }, { "BusStopCode": "03041", "RoadName": "Cross St", "Description": "Telok Ayer Stn Exit A", "Latitude": 1.28179509394707, "Longitude": 103.84893207391676 }, { "BusStopCode": "03059", "RoadName": "Raffles Quay", "Description": "One Raffles Quay", "Latitude": 1.281111, "Longitude": 103.851461 }, { "BusStopCode": "03071", "RoadName": "Robinson Rd", "Description": "OPP SO SOFITEL S'PORE", "Latitude": 1.27990609626764, "Longitude": 103.84940030424481 }, { "BusStopCode": "03111", "RoadName": "Robinson Rd", "Description": "Aft Capital Twr", "Latitude": 1.2778259536079, "Longitude": 103.8481011719729 }, { "BusStopCode": "03129", "RoadName": "Shenton Way", "Description": "UIC Bldg", "Latitude": 1.27807003532092, "Longitude": 103.84956718123823 }, { "BusStopCode": "03151", "RoadName": "Cecil St", "Description": "Opp GB Bldg", "Latitude": 1.27892124625262, "Longitude": 103.84776234627124 }, { "BusStopCode": "03217", "RoadName": "Shenton Way", "Description": "Opp AXA Twr", "Latitude": 1.27552218897645, "Longitude": 103.8479443674916 }, { "BusStopCode": "03218", "RoadName": "Shenton Way", "Description": "Opp MAS Bldg", "Latitude": 1.2740788888387, "Longitude": 103.84687388890413 }, { "BusStopCode": "03222", "RoadName": "Anson Rd", "Description": "Hub Synergy Pt", "Latitude": 1.27397836925637, "Longitude": 103.84489562922414 }, { "BusStopCode": "03223", "RoadName": "Anson Rd", "Description": "Tanjong Pagar Stn Exit C", "Latitude": 1.2757033952327, "Longitude": 103.84632468221952 }, { "BusStopCode": "03239", "RoadName": "Shenton Way", "Description": "Shenton Way Ter", "Latitude": 1.27464226961973, "Longitude": 103.84756721372408 }, { "BusStopCode": "03241", "RoadName": "Anson Rd", "Description": "Mapletree Anson", "Latitude": 1.27456, "Longitude": 103.84537 }, { "BusStopCode": "03331", "RoadName": "Marina Blvd", "Description": "Bef Marina Gdns Dr", "Latitude": 1.27663307202767, "Longitude": 103.86076808024792 }, { "BusStopCode": "03339", "RoadName": "Central Blvd", "Description": "Aft Marina Gdns Dr", "Latitude": 1.27498516412784, "Longitude": 103.85950016250487 }, { "BusStopCode": "03341", "RoadName": "Marina Gdns Dr", "Description": "Bef Gdns by the Bay", "Latitude": 1.27959780011944, "Longitude": 103.8643376844082 }, { "BusStopCode": "03349", "RoadName": "Marina Gdns Dr", "Description": "Aft Gdns by the Bay", "Latitude": 1.27965600609923, "Longitude": 103.8647780795552 }, { "BusStopCode": "03361", "RoadName": "Marina Gdns Dr", "Description": "Opp Marina Barrage", "Latitude": 1.279917, "Longitude": 103.868895 }, { "BusStopCode": "03369", "RoadName": "Marina Gdns Dr", "Description": "Marina Barrage", "Latitude": 1.27960772061959, "Longitude": 103.8698744774074 }, { "BusStopCode": "03371", "RoadName": "Marina Gdns Dr", "Description": "Gdns by the Bay", "Latitude": 1.28066479303461, "Longitude": 103.86626955523418 }, { "BusStopCode": "03381", "RoadName": "Marina Blvd", "Description": "The Sail", "Latitude": 1.28162601329006, "Longitude": 103.85306513725685 }, { "BusStopCode": "03391", "RoadName": "Marina Blvd", "Description": "Marina Bay Financial Ctr", "Latitude": 1.28037660340352, "Longitude": 103.85498006767988 }, { "BusStopCode": "03411", "RoadName": "Marina Coastal Dr", "Description": "Opp Marina Sth Pier Stn", "Latitude": 1.27159299884076, "Longitude": 103.86300900488229 }, { "BusStopCode": "03419", "RoadName": "Marina Coastal Dr", "Description": "Marina Sth Pier Stn", "Latitude": 1.27127698470973, "Longitude": 103.86297693157816 }, { "BusStopCode": "03421", "RoadName": "Marina Coastal Dr", "Description": "Marina Bay Cruise Ctr", "Latitude": 1.26694090294712, "Longitude": 103.85964778134667 }, { "BusStopCode": "03501", "RoadName": "Bayfront Ave", "Description": "Marina Bay Sands Theatre", "Latitude": 1.28500467671367, "Longitude": 103.8606110538643 }, { "BusStopCode": "03509", "RoadName": "Bayfront Ave", "Description": "Bayfront Stn Exit B/MBS", "Latitude": 1.28314999997332, "Longitude": 103.86004388891767 }, { "BusStopCode": "03511", "RoadName": "Bayfront Ave", "Description": "Aft Bayfront Stn Exit E", "Latitude": 1.28194779470571, "Longitude": 103.85897064872482 }, { "BusStopCode": "03519", "RoadName": "Bayfront Ave", "Description": "Bayfront Stn Exit A", "Latitude": 1.28124500000125, "Longitude": 103.85884799997385 }, { "BusStopCode": "03529", "RoadName": "Central Blvd", "Description": "Downtown Stn", "Latitude": 1.27939957419063, "Longitude": 103.85278769921703 }, { "BusStopCode": "03539", "RoadName": "Central Blvd", "Description": "Marina Bay Stn", "Latitude": 1.2775330547661, "Longitude": 103.85561610012866 }, { "BusStopCode": "04019", "RoadName": "Bencoolen St", "Description": "OPP BENCOOLEN STN EXIT B", "Latitude": 1.29807216909408, "Longitude": 103.84975607305783 }, { "BusStopCode": "04029", "RoadName": "Bencoolen St", "Description": "BEF BENCOOLEN STN EXIT A", "Latitude": 1.29948166696821, "Longitude": 103.85092666701239 }, { "BusStopCode": "04111", "RoadName": "Stamford Rd", "Description": "Capitol Bldg", "Latitude": 1.29395444170081, "Longitude": 103.85139096636622 }, { "BusStopCode": "04121", "RoadName": "Stamford Rd", "Description": "SMU", "Latitude": 1.29618544092334, "Longitude": 103.84958029974611 }, { "BusStopCode": "04142", "RoadName": "Hill St", "Description": "Armenian Ch", "Latitude": 1.2930982644668, "Longitude": 103.84965994500728 }, { "BusStopCode": "04143", "RoadName": "Hill St", "Description": "Stamford Ct", "Latitude": 1.29411640848293, "Longitude": 103.85020606905503 }, { "BusStopCode": "04149", "RoadName": "Hill St", "Description": "Grand Pk City Hall", "Latitude": 1.29276132399953, "Longitude": 103.84983741344308 }, { "BusStopCode": "04151", "RoadName": "Victoria St", "Description": "Cath Of The Good Shepherd", "Latitude": 1.29533777799211, "Longitude": 103.85113972198121 }, { "BusStopCode": "04159", "RoadName": "Victoria St", "Description": "Aft Chijmes", "Latitude": 1.29489484954945, "Longitude": 103.85108138663934 }, { "BusStopCode": "04167", "RoadName": "Nth Bridge Rd", "Description": "City Hall Stn Exit B", "Latitude": 1.29250006522444, "Longitude": 103.85145315468638 }, { "BusStopCode": "04168", "RoadName": "Nth Bridge Rd", "Description": "Aft City Hall Stn Exit B", "Latitude": 1.29208221483052, "Longitude": 103.85125994680256 }, { "BusStopCode": "04179", "RoadName": "Bras Basah Rd", "Description": "AFT BRAS BASAH STN EXIT A", "Latitude": 1.29647916306741, "Longitude": 103.85147164487202 }, { "BusStopCode": "04211", "RoadName": "River Valley Rd", "Description": "Clarke Quay", "Latitude": 1.29043611099357, "Longitude": 103.84712444398055 }, { "BusStopCode": "04219", "RoadName": "River Valley Rd", "Description": "Opp Clarke Quay", "Latitude": 1.29096802754795, "Longitude": 103.84686777836987 }, { "BusStopCode": "04222", "RoadName": "Eu Tong Sen St", "Description": "Clarke Quay Stn Exit E", "Latitude": 1.28898962180798, "Longitude": 103.84708976365569 }, { "BusStopCode": "04223", "RoadName": "Hill St", "Description": "Old Hill St Police Stn", "Latitude": 1.29084476137495, "Longitude": 103.84857901022669 }, { "BusStopCode": "04229", "RoadName": "Hill St", "Description": "High St Ctr", "Latitude": 1.29044830830726, "Longitude": 103.84875123545265 }, { "BusStopCode": "04239", "RoadName": "New Bridge Rd", "Description": "Opp Clarke Quay Stn", "Latitude": 1.28882717929599, "Longitude": 103.8474938118651 }, { "BusStopCode": "04249", "RoadName": "Nth Bridge Rd", "Description": "Opp The Treasury", "Latitude": 1.29043039362749, "Longitude": 103.85026216508201 }, { "BusStopCode": "04251", "RoadName": "Nth Boat Quay", "Description": "Opp High St Ctr", "Latitude": 1.28973833297563, "Longitude": 103.84888472198024 }, { "BusStopCode": "04311", "RoadName": "Clemenceau Ave", "Description": "Aft River Valley Rd", "Latitude": 1.29464575337351, "Longitude": 103.8439214229312 }, { "BusStopCode": "04321", "RoadName": "Clemenceau Ave", "Description": "UE Sq", "Latitude": 1.2921400077773, "Longitude": 103.84303646191061 }, { "BusStopCode": "04329", "RoadName": "Clemenceau Ave", "Description": "Opp UE Sq", "Latitude": 1.29197057108024, "Longitude": 103.84328384973516 }, { "BusStopCode": "04331", "RoadName": "River Valley Rd", "Description": "BEF FORT CANNING STN", "Latitude": 1.29183939431601, "Longitude": 103.84504089382705 }, { "BusStopCode": "04339", "RoadName": "River Valley Rd", "Description": "FORT CANNING STN EXIT B", "Latitude": 1.29221099996741, "Longitude": 103.84500500002959 }, { "BusStopCode": "05012", "RoadName": "Eu Tong Sen St", "Description": "Bef Pearl'S Hill Terr", "Latitude": 1.28154583300728, "Longitude": 103.84087722199499 }, { "BusStopCode": "05013", "RoadName": "Eu Tong Sen St", "Description": "Chinatown Stn Exit C", "Latitude": 1.28406979945936, "Longitude": 103.84299874303983 }, { "BusStopCode": "05019", "RoadName": "New Bridge Rd", "Description": "Aft Duxton Plain Pk", "Latitude": 1.28118388885484, "Longitude": 103.84105000000471 }, { "BusStopCode": "05022", "RoadName": "Eu Tong Sen St", "Description": "Aft Chinatown Stn Exit D", "Latitude": 1.28571089865595, "Longitude": 103.84437203405348 }, { "BusStopCode": "05023", "RoadName": "Eu Tong Sen St", "Description": "Opp Hong Lim Pk", "Latitude": 1.28692928357498, "Longitude": 103.84540375642477 }, { "BusStopCode": "05029", "RoadName": "Sth Bridge Rd", "Description": "Boat Quay", "Latitude": 1.28712283362119, "Longitude": 103.84819780822524 }, { "BusStopCode": "05039", "RoadName": "New Bridge Rd", "Description": "New Bridge Ctr", "Latitude": 1.28293819129834, "Longitude": 103.84254276754574 }, { "BusStopCode": "05049", "RoadName": "New Bridge Rd", "Description": "Chinatown Stn Exit E", "Latitude": 1.28531114761754, "Longitude": 103.84455070696784 }, { "BusStopCode": "05059", "RoadName": "New Bridge Rd", "Description": "Hong Lim Pk", "Latitude": 1.28676420118491, "Longitude": 103.84575036447065 }, { "BusStopCode": "05069", "RoadName": "New Bridge Rd", "Description": "Outram Pk Stn Exit H", "Latitude": 1.28027629959632, "Longitude": 103.84029791443083 }, { "BusStopCode": "05129", "RoadName": "Upp Pickering St", "Description": "Opp One Upp Pickering", "Latitude": 1.28601166699569, "Longitude": 103.84634666701143 }, { "BusStopCode": "05131", "RoadName": "Upp Cross St", "Description": "Opp Hong Lim Cplx", "Latitude": 1.284073056, "Longitude": 103.8453381 }, { "BusStopCode": "05189", "RoadName": "Sth Bridge Rd", "Description": "Opp Sri Mariamman Tp", "Latitude": 1.2820913960391, "Longitude": 103.84528061446953 }, { "BusStopCode": "05199", "RoadName": "Sth Bridge Rd", "Description": "Opp Hong Lim Cplx", "Latitude": 1.28451455846092, "Longitude": 103.84666049314171 }, { "BusStopCode": "05239", "RoadName": "Neil Rd", "Description": "Bef The Pinnacle@Duxton", "Latitude": 1.27854113014976, "Longitude": 103.8415105424013 }, { "BusStopCode": "05241", "RoadName": "Kreta Ayer Rd", "Description": "Opp Blk 333", "Latitude": 1.28071988238536, "Longitude": 103.84227488654868 }, { "BusStopCode": "05259", "RoadName": "Neil Rd", "Description": "Aft Kreta Ayer Rd", "Latitude": 1.27979447837032, "Longitude": 103.84262707605177 }, { "BusStopCode": "05269", "RoadName": "Cantonment Rd", "Description": "Maxwell Rd FC", "Latitude": 1.280894, "Longitude": 103.844567 }, { "BusStopCode": "05271", "RoadName": "Tg Pagar Rd", "Description": "Opp Fairfield Meth Ch", "Latitude": 1.27975329525167, "Longitude": 103.84382212419122 }, { "BusStopCode": "05319", "RoadName": "Church St", "Description": "OCBC Ctr", "Latitude": 1.284437, "Longitude": 103.849114 }, { "BusStopCode": "05411", "RoadName": "Tg Pagar Rd", "Description": "Tg Pagar Plaza", "Latitude": 1.27519165673078, "Longitude": 103.84309190393883 }, { "BusStopCode": "05419", "RoadName": "Tg Pagar Rd", "Description": "The Amara", "Latitude": 1.27470669455555, "Longitude": 103.84318683838887 }, { "BusStopCode": "05421", "RoadName": "Tg Pagar Rd", "Description": "Aft Craig Rd", "Latitude": 1.27777470568529, "Longitude": 103.84346347289251 }, { "BusStopCode": "05429", "RoadName": "Tg Pagar Rd", "Description": "Bef Craig Rd", "Latitude": 1.27769413050075, "Longitude": 103.84370654372525 }, { "BusStopCode": "05431", "RoadName": "Hoe Chiang Rd", "Description": "TOWER 15", "Latitude": 1.27408, "Longitude": 103.8420461 }, { "BusStopCode": "05519", "RoadName": "Cantonment Rd", "Description": "Blk 1G", "Latitude": 1.27553472200739, "Longitude": 103.84112694400494 }, { "BusStopCode": "05521", "RoadName": "Cantonment Rd", "Description": "Maritime Hse", "Latitude": 1.27676861098316, "Longitude": 103.84059222200347 }, { "BusStopCode": "05629", "RoadName": "Cantonment Rd", "Description": "Opp Southpoint", "Latitude": 1.273211389, "Longitude": 103.84187 }, { "BusStopCode": "05631", "RoadName": "Cantonment Link", "Description": "Blk 16", "Latitude": 1.27346055934188, "Longitude": 103.84034718190608 }, { "BusStopCode": "05641", "RoadName": "Keppel Rd", "Description": "Bef Cantonment Rd", "Latitude": 1.27272393115133, "Longitude": 103.84140618785226 }, { "BusStopCode": "05649", "RoadName": "Keppel Rd", "Description": "Opp Customs Port Br HQ", "Latitude": 1.2723842122117, "Longitude": 103.84093912218094 }, { "BusStopCode": "05651", "RoadName": "Tg Pagar Rd", "Description": "Opp Fuji Xerox Twrs", "Latitude": 1.273218611, "Longitude": 103.8430731 }, { "BusStopCode": "06011", "RoadName": "Outram Rd", "Description": "Opp Outram Pk Stn", "Latitude": 1.28165999996967, "Longitude": 103.83801388886192 }, { "BusStopCode": "06029", "RoadName": "Outram Rd", "Description": "Outram Pk Stn", "Latitude": 1.28177041153491, "Longitude": 103.8383828488293 }, { "BusStopCode": "06031", "RoadName": "Chin Swee Rd", "Description": "Opp Blk 13", "Latitude": 1.28607055552165, "Longitude": 103.83879166662209 }, { "BusStopCode": "06039", "RoadName": "Chin Swee Rd", "Description": "Blk 8", "Latitude": 1.28705997883119, "Longitude": 103.83962555611693 }, { "BusStopCode": "06049", "RoadName": "Outram Rd", "Description": "BEF OUTRAM FLYOVER", "Latitude": 1.28474856880259, "Longitude": 103.83517705055233 }, { "BusStopCode": "06051", "RoadName": "Tiong Bahru Rd", "Description": "Blk 55", "Latitude": 1.28475980959972, "Longitude": 103.83405671725487 }, { "BusStopCode": "06069", "RoadName": "Outram Rd", "Description": "Aft Furama RiverFront", "Latitude": 1.28623157720487, "Longitude": 103.83496162445665 }, { "BusStopCode": "06071", "RoadName": "Zion Rd", "Description": "Blk 2B", "Latitude": 1.28685859481289, "Longitude": 103.83360028266564 }, { "BusStopCode": "06081", "RoadName": "Zion Rd", "Description": "Blk 94", "Latitude": 1.28837086415387, "Longitude": 103.83349881780524 }, { "BusStopCode": "06129", "RoadName": "Kim Seng Rd", "Description": "Grand Copthorne Hotel", "Latitude": 1.29078162052352, "Longitude": 103.83440916705554 }, { "BusStopCode": "06131", "RoadName": "Zion Rd", "Description": "Aft Blk 87", "Latitude": 1.29152472200833, "Longitude": 103.83222750001508 }, { "BusStopCode": "06141", "RoadName": "Havelock Rd", "Description": "Holiday Inn Atrium", "Latitude": 1.28963300933974, "Longitude": 103.83381241921823 }, { "BusStopCode": "06149", "RoadName": "Havelock Rd", "Description": "Opp Holiday Inn Atrium", "Latitude": 1.28984045728104, "Longitude": 103.83411526676929 }, { "BusStopCode": "06151", "RoadName": "Havelock Rd", "Description": "Hotel Miramar", "Latitude": 1.28870976841461, "Longitude": 103.83737276969174 }, { "BusStopCode": "06159", "RoadName": "Havelock Rd", "Description": "Opp Hotel Miramar", "Latitude": 1.28909385421188, "Longitude": 103.8368794036018 }, { "BusStopCode": "06161", "RoadName": "Havelock Rd", "Description": "Blk 2", "Latitude": 1.28901705678419, "Longitude": 103.83994286096711 }, { "BusStopCode": "06169", "RoadName": "Havelock Rd", "Description": "River Pl Condo", "Latitude": 1.28937078931125, "Longitude": 103.83998944937589 }, { "BusStopCode": "06171", "RoadName": "Upp Cross St", "Description": "Opp State Ct", "Latitude": 1.286101944, "Longitude": 103.8425356 }, { "BusStopCode": "06189", "RoadName": "Havelock Rd", "Description": "Ctrl Sq", "Latitude": 1.28779136477868, "Longitude": 103.84329428089559 }, { "BusStopCode": "07011", "RoadName": "Selegie Rd", "Description": "Peace Ctr", "Latitude": 1.30099699058522, "Longitude": 103.8498101874305 }, { "BusStopCode": "07021", "RoadName": "Selegie Rd", "Description": "Selegie Ctr", "Latitude": 1.30324521574524, "Longitude": 103.84995776766847 }, { "BusStopCode": "07031", "RoadName": "S'goon Rd", "Description": "Tekka Ctr", "Latitude": 1.30572083298412, "Longitude": 103.85120583303191 }, { "BusStopCode": "07111", "RoadName": "S'goon Rd", "Description": "Broadway Hotel", "Latitude": 1.30879366465919, "Longitude": 103.8531751994068 }, { "BusStopCode": "07211", "RoadName": "S'goon Rd", "Description": "Aft Farrer Pk Stn Exit G", "Latitude": 1.31313747728456, "Longitude": 103.8563561439714 }, { "BusStopCode": "07221", "RoadName": "S'goon Rd", "Description": "Sri Vadapathira K Tp", "Latitude": 1.314966, "Longitude": 103.857819 }, { "BusStopCode": "07231", "RoadName": "Kitchener Rd", "Description": "Bef Tai Hoe Hotel", "Latitude": 1.309658889, "Longitude": 103.8573711 }, { "BusStopCode": "07241", "RoadName": "Lavender St", "Description": "Bef S'Goon Rd", "Latitude": 1.31557142083242, "Longitude": 103.85900616698896 }, { "BusStopCode": "07249", "RoadName": "Lavender St", "Description": "Aft Kempas Rd", "Latitude": 1.315368056, "Longitude": 103.8594669 }, { "BusStopCode": "07319", "RoadName": "Jln Besar", "Description": "Aft Allenby Rd", "Latitude": 1.31038833299803, "Longitude": 103.85870666696984 }, { "BusStopCode": "07329", "RoadName": "Jln Besar", "Description": "Hoa Nam Bldg", "Latitude": 1.31284472583438, "Longitude": 103.85989088288474 }, { "BusStopCode": "07331", "RoadName": "Kitchener Rd", "Description": "Aft King George's Ave", "Latitude": 1.30824994545395, "Longitude": 103.8589096071918 }, { "BusStopCode": "07351", "RoadName": "Lavender St", "Description": "ARC 380", "Latitude": 1.31351833300073, "Longitude": 103.86054527803076 }, { "BusStopCode": "07359", "RoadName": "Lavender St", "Description": "OPP ARC 380", "Latitude": 1.31368253065979, "Longitude": 103.86071451807119 }, { "BusStopCode": "07361", "RoadName": "Lavender St", "Description": "Bef Kallang Bahru", "Latitude": 1.31167636068313, "Longitude": 103.86189483728585 }, { "BusStopCode": "07369", "RoadName": "Lavender St", "Description": "Aft Kallang Bahru", "Latitude": 1.31140805601851, "Longitude": 103.86237888899062 }, { "BusStopCode": "07371", "RoadName": "Lavender St", "Description": "Aft Kallang Rd", "Latitude": 1.30950750000455, "Longitude": 103.86350138902452 }, { "BusStopCode": "07379", "RoadName": "Lavender St", "Description": "Aperia/Bef Kallang Rd", "Latitude": 1.31017336740849, "Longitude": 103.86338225534827 }, { "BusStopCode": "07419", "RoadName": "Jln Besar", "Description": "Opp Veerasamy Rd", "Latitude": 1.30653024120879, "Longitude": 103.8561630249311 }, { "BusStopCode": "07517", "RoadName": "Bencoolen St", "Description": "IBIS S'PORE ON BENCOOLEN", "Latitude": 1.30145216158073, "Longitude": 103.85247781934106 }, { "BusStopCode": "07518", "RoadName": "Bencoolen St", "Description": "OPP NAFA CAMPUS 3", "Latitude": 1.30095828368506, "Longitude": 103.85211175034802 }, { "BusStopCode": "07529", "RoadName": "Jln Besar", "Description": "JLN BESAR STN EXIT A", "Latitude": 1.30431906266143, "Longitude": 103.85501564257024 }, { "BusStopCode": "07531", "RoadName": "Rochor Canal Rd", "Description": "Rochor Stn", "Latitude": 1.30365644370093, "Longitude": 103.8525732326128 }, { "BusStopCode": "07539", "RoadName": "Sungei Rd", "Description": "Opp Rochor Stn", "Latitude": 1.30461300741211, "Longitude": 103.8520009720951 }, { "BusStopCode": "07551", "RoadName": "Rochor Rd", "Description": "Fu Lu Shou Cplx", "Latitude": 1.30171975809706, "Longitude": 103.8546132267025 }, { "BusStopCode": "07561", "RoadName": "Middle Rd", "Description": "Bef Waterloo St", "Latitude": 1.29945446471936, "Longitude": 103.85267983857253 }, { "BusStopCode": "07569", "RoadName": "Middle Rd", "Description": "Aft Waterloo St", "Latitude": 1.29949531348401, "Longitude": 103.85301395376233 }, { "BusStopCode": "07571", "RoadName": "Middle Rd", "Description": "SUNSHINE PLAZA", "Latitude": 1.30063444632288, "Longitude": 103.85114009314601 }, { "BusStopCode": "07589", "RoadName": "Ophir Rd", "Description": "Ch of Our Lady of Lourdes", "Latitude": 1.30320609782822, "Longitude": 103.85549999983388 }, { "BusStopCode": "08011", "RoadName": "Clemenceau Ave", "Description": "Opp Haw Par Glass Twr", "Latitude": 1.29706985017362, "Longitude": 103.84361028672502 }, { "BusStopCode": "08019", "RoadName": "Clemenceau Ave", "Description": "Aft Haw Par Glass Twr", "Latitude": 1.29624633745957, "Longitude": 103.84407009228418 }, { "BusStopCode": "08031", "RoadName": "Penang Rd", "Description": "Dhoby Ghaut Stn Exit B", "Latitude": 1.29831153783592, "Longitude": 103.8452569595532 }, { "BusStopCode": "08041", "RoadName": "Orchard Rd", "Description": "YMCA", "Latitude": 1.29811014243867, "Longitude": 103.84780636909545 }, { "BusStopCode": "08057", "RoadName": "Orchard Rd", "Description": "Dhoby Ghaut Stn", "Latitude": 1.29930997279734, "Longitude": 103.84529021429745 }, { "BusStopCode": "08058", "RoadName": "Orchard Rd", "Description": "Aft Dhoby Ghaut Stn", "Latitude": 1.2989583431631, "Longitude": 103.84654115271174 }, { "BusStopCode": "08069", "RoadName": "Bras Basah Rd", "Description": "BENCOOLEN STN EXIT B", "Latitude": 1.29821382250893, "Longitude": 103.84936128375956 }, { "BusStopCode": "08079", "RoadName": "Prinsep St", "Description": "Sch of the Arts", "Latitude": 1.29921444445586, "Longitude": 103.84910329217985 }, { "BusStopCode": "08111", "RoadName": "Penang Rd", "Description": "Winsland Hse", "Latitude": 1.29986928715834, "Longitude": 103.84093746088925 }, { "BusStopCode": "08121", "RoadName": "Somerset Rd", "Description": "Somerset Stn", "Latitude": 1.30027569326586, "Longitude": 103.83877618459663 }, { "BusStopCode": "08137", "RoadName": "Orchard Rd", "Description": "Orchard Plaza", "Latitude": 1.30073968408393, "Longitude": 103.84100500816844 }, { "BusStopCode": "08138", "RoadName": "Orchard Rd", "Description": "Concorde Hotel S'pore", "Latitude": 1.3004785730821, "Longitude": 103.84184700607595 }, { "BusStopCode": "09011", "RoadName": "Orchard Turn", "Description": "Opp Ngee Ann City", "Latitude": 1.30211335092372, "Longitude": 103.83431672376756 }, { "BusStopCode": "09022", "RoadName": "Orchard Blvd", "Description": "Bef Orchard Stn Exit B", "Latitude": 1.30252834773643, "Longitude": 103.83239784275958 }, { "BusStopCode": "09023", "RoadName": "Orchard Turn", "Description": "Opp Orchard Stn/ION", "Latitude": 1.30323727330942, "Longitude": 103.83254180023424 }, { "BusStopCode": "09037", "RoadName": "Orchard Rd", "Description": "Bef Cairnhill Rd", "Latitude": 1.3023400420296, "Longitude": 103.83701253388183 }, { "BusStopCode": "09038", "RoadName": "Orchard Rd", "Description": "Opp Somerset Stn", "Latitude": 1.30154262450563, "Longitude": 103.83852481842337 }, { "BusStopCode": "09047", "RoadName": "Orchard Rd", "Description": "Orchard Stn/Tang Plaza", "Latitude": 1.30446065207443, "Longitude": 103.83294467208566 }, { "BusStopCode": "09048", "RoadName": "Orchard Rd", "Description": "Orchard Stn/Lucky Plaza", "Latitude": 1.30386684425114, "Longitude": 103.83413070051408 }, { "BusStopCode": "09059", "RoadName": "Grange Rd", "Description": "Natl Youth Council", "Latitude": 1.30044251755834, "Longitude": 103.83623804216019 }, { "BusStopCode": "09111", "RoadName": "Orchard Blvd", "Description": "Opp Four Seasons Hotel", "Latitude": 1.30453752623147, "Longitude": 103.82914529614989 }, { "BusStopCode": "09121", "RoadName": "Orchard Blvd", "Description": "Bef Tomlinson Rd", "Latitude": 1.30397379238249, "Longitude": 103.82699645124522 }, { "BusStopCode": "09131", "RoadName": "Grange Rd", "Description": "Grange Residences", "Latitude": 1.30391999998489, "Longitude": 103.82333805603095 }, { "BusStopCode": "09139", "RoadName": "Grange Rd", "Description": "Aft Cuscaden Rd", "Latitude": 1.303528, "Longitude": 103.823585 }, { "BusStopCode": "09141", "RoadName": "Napier Rd", "Description": "British Council", "Latitude": 1.30543500002797, "Longitude": 103.82177666702269 }, { "BusStopCode": "09149", "RoadName": "Napier Rd", "Description": "Opp British Council", "Latitude": 1.30608981381948, "Longitude": 103.8212215023314 }, { "BusStopCode": "09159", "RoadName": "Tanglin Rd", "Description": "Aft Tomlinson Rd", "Latitude": 1.30602637557418, "Longitude": 103.82568042620605 }, { "BusStopCode": "09169", "RoadName": "Orchard Rd", "Description": "Delfi Orchard", "Latitude": 1.3070135326348, "Longitude": 103.82835507326037 }, { "BusStopCode": "09179", "RoadName": "Orchard Rd", "Description": "Royal Thai Embassy", "Latitude": 1.30587966240898, "Longitude": 103.83049004618626 }, { "BusStopCode": "09191", "RoadName": "Tomlinson Rd", "Description": "The Regent S'pore", "Latitude": 1.30488653118311, "Longitude": 103.82549755834486 }, { "BusStopCode": "09212", "RoadName": "Scotts Rd", "Description": "Royal Plaza On Scotts", "Latitude": 1.30702238421536, "Longitude": 103.83265522662566 }, { "BusStopCode": "09213", "RoadName": "Scotts Rd", "Description": "Thong Teck Bldg", "Latitude": 1.30783805600034, "Longitude": 103.83305083303023 }, { "BusStopCode": "09219", "RoadName": "Scotts Rd", "Description": "Far East Plaza", "Latitude": 1.30731999685228, "Longitude": 103.83316088291699 }, { "BusStopCode": "10009", "RoadName": "Bt Merah Ctrl", "Description": "Bt Merah Int", "Latitude": 1.28210155945393, "Longitude": 103.81722480263163 }, { "BusStopCode": "10011", "RoadName": "New Bridge Rd", "Description": "BEF NEIL RD", "Latitude": 1.2777380589964, "Longitude": 103.83749709165197 }, { "BusStopCode": "10017", "RoadName": "Eu Tong Sen St", "Description": "Aft Hosp Dr", "Latitude": 1.27832046633393, "Longitude": 103.83762574759974 }, { "BusStopCode": "10018", "RoadName": "Eu Tong Sen St", "Description": "Outram Pk Stn Exit F/SGH", "Latitude": 1.27900819665099, "Longitude": 103.83860360621959 }, { "BusStopCode": "10021", "RoadName": "Neil Rd", "Description": "Blk 3", "Latitude": 1.27744837946643, "Longitude": 103.83838894560753 }, { "BusStopCode": "10041", "RoadName": "Kg Bahru Rd", "Description": "BEF KAMPONG BAHRU TER", "Latitude": 1.27605834770353, "Longitude": 103.83519065305671 }, { "BusStopCode": "10049", "RoadName": "Kg Bahru Rd", "Description": "OPP KAMPONG BAHRU TER", "Latitude": 1.27623302424393, "Longitude": 103.83483786772155 }, { "BusStopCode": "10051", "RoadName": "Jln Bt Merah", "Description": "Blk 149", "Latitude": 1.2774116353284, "Longitude": 103.83214410914843 }, { "BusStopCode": "10059", "RoadName": "Jln Bt Merah", "Description": "Opp Blk 149", "Latitude": 1.27739664167497, "Longitude": 103.83275178077875 }, { "BusStopCode": "10061", "RoadName": "Jln Bt Merah", "Description": "Blk 140", "Latitude": 1.27860472196885, "Longitude": 103.82948638898173 }, { "BusStopCode": "10069", "RoadName": "Jln Bt Merah", "Description": "Opp Blk 140", "Latitude": 1.27855472196877, "Longitude": 103.83008250001669 }, { "BusStopCode": "10071", "RoadName": "Jln Bt Merah", "Description": "Blk 111", "Latitude": 1.28045309423663, "Longitude": 103.82638920754815 }, { "BusStopCode": "10079", "RoadName": "Jln Bt Merah", "Description": "Blk 201", "Latitude": 1.2803950142786, "Longitude": 103.82708906887606 }, { "BusStopCode": "10081", "RoadName": "Jln Bt Merah", "Description": "Opp Blk 120", "Latitude": 1.2822783541702, "Longitude": 103.82241744338572 }, { "BusStopCode": "10089", "RoadName": "Jln Bt Merah", "Description": "Blk 119", "Latitude": 1.28292332245689, "Longitude": 103.82165660905856 }, { "BusStopCode": "10091", "RoadName": "Jln Bt Merah", "Description": "Bt Merah Town Ctr", "Latitude": 1.28394108576437, "Longitude": 103.81783962251122 }, { "BusStopCode": "10099", "RoadName": "Jln Bt Merah", "Description": "Opp Bt Merah Town Ctr", "Latitude": 1.28420923932422, "Longitude": 103.81765723225827 }, { "BusStopCode": "10101", "RoadName": "Jln Bt Merah", "Description": "OPP BT MERAH SEC SCH", "Latitude": 1.28506195168861, "Longitude": 103.8137833011436 }, { "BusStopCode": "10109", "RoadName": "Jln Bt Merah", "Description": "BT MERAH SEC SCH", "Latitude": 1.28535315729277, "Longitude": 103.81370529674271 }, { "BusStopCode": "10111", "RoadName": "Jln Bt Merah", "Description": "Opp Blk 28", "Latitude": 1.28592835098556, "Longitude": 103.80935410958449 }, { "BusStopCode": "10119", "RoadName": "Jln Bt Merah", "Description": "Opp Pacific Tech Ctr", "Latitude": 1.28598009010704, "Longitude": 103.81122515087834 }, { "BusStopCode": "10121", "RoadName": "Kim Tian Rd", "Description": "Blk 126 CP", "Latitude": 1.28259924598805, "Longitude": 103.82890541983913 }, { "BusStopCode": "10129", "RoadName": "Kim Tian Rd", "Description": "Blk 121", "Latitude": 1.28231999999009, "Longitude": 103.8285719444802 }, { "BusStopCode": "10131", "RoadName": "Jln Bt Merah", "Description": "Opp Blk 2", "Latitude": 1.28619141382394, "Longitude": 103.80686549059318 }, { "BusStopCode": "10139", "RoadName": "Jln Bt Merah", "Description": "Blk 1", "Latitude": 1.28635135443034, "Longitude": 103.8081000223439 }, { "BusStopCode": "10141", "RoadName": "Tiong Bahru Rd", "Description": "Blk 18", "Latitude": 1.28583847140468, "Longitude": 103.83238179897589 }, { "BusStopCode": "10149", "RoadName": "Tiong Bahru Rd", "Description": "Blk 1", "Latitude": 1.28606797463712, "Longitude": 103.83283384311112 }, { "BusStopCode": "10151", "RoadName": "Tiong Bahru Rd", "Description": "Ctrl Green Condo", "Latitude": 1.28572048365401, "Longitude": 103.8285292287095 }, { "BusStopCode": "10161", "RoadName": "Tiong Bahru Rd", "Description": "Opp Tiong Bahru Stn", "Latitude": 1.28593135445772, "Longitude": 103.82668969231534 }, { "BusStopCode": "10169", "RoadName": "Tiong Bahru Rd", "Description": "Tiong Bahru Stn", "Latitude": 1.28599961406266, "Longitude": 103.82748123930962 }, { "BusStopCode": "10171", "RoadName": "Tiong Bahru Rd", "Description": "Opp Tiong Bahru Pk", "Latitude": 1.28736808047078, "Longitude": 103.82346004890803 }, { "BusStopCode": "10179", "RoadName": "Tiong Bahru Rd", "Description": "Tiong Bahru Pk", "Latitude": 1.28722333302937, "Longitude": 103.82395833301354 }, { "BusStopCode": "10181", "RoadName": "Tiong Bahru Rd", "Description": "BEF AR-RABITAH MQUE", "Latitude": 1.28850399420484, "Longitude": 103.82109741719866 }, { "BusStopCode": "10189", "RoadName": "Tiong Bahru Rd", "Description": "Blk 104A CP", "Latitude": 1.28858805222806, "Longitude": 103.82183192865197 }, { "BusStopCode": "10191", "RoadName": "Tiong Bahru Rd", "Description": "Blk 78", "Latitude": 1.28860026020096, "Longitude": 103.81903121724014 }, { "BusStopCode": "10199", "RoadName": "Tiong Bahru Rd", "Description": "Delta Swim Cplx", "Latitude": 1.28875723330649, "Longitude": 103.81936618662205 }, { "BusStopCode": "10201", "RoadName": "Tiong Bahru Rd", "Description": "Opp Redhill Stn", "Latitude": 1.28928144532567, "Longitude": 103.81662854691157 }, { "BusStopCode": "10209", "RoadName": "Tiong Bahru Rd", "Description": "Redhill Stn", "Latitude": 1.28954631749853, "Longitude": 103.81672885450702 }, { "BusStopCode": "10211", "RoadName": "Leng Kee Rd", "Description": "Porsche Ctr S'pore", "Latitude": 1.29075499997303, "Longitude": 103.81144166700754 }, { "BusStopCode": "10219", "RoadName": "Leng Kee Rd", "Description": "Opp Motor Image", "Latitude": 1.29089526651849, "Longitude": 103.81191424883255 }, { "BusStopCode": "10221", "RoadName": "Ganges Ave", "Description": "Ganges Ctr", "Latitude": 1.29032906602668, "Longitude": 103.83111793441608 }, { "BusStopCode": "10229", "RoadName": "Ganges Ave", "Description": "Opp Harvest Mansions", "Latitude": 1.29052137840164, "Longitude": 103.83178189529583 }, { "BusStopCode": "10231", "RoadName": "Ganges Ave", "Description": "Blk 51 CP", "Latitude": 1.29041850946952, "Longitude": 103.82788100149519 }, { "BusStopCode": "10239", "RoadName": "Ganges Ave", "Description": "Blk 79", "Latitude": 1.29060688839488, "Longitude": 103.82865297447873 }, { "BusStopCode": "10241", "RoadName": "Alexandra Rd", "Description": "Gan Eng Seng Sec Sch", "Latitude": 1.2906166672167, "Longitude": 103.82362326803131 }, { "BusStopCode": "10249", "RoadName": "Alexandra Rd", "Description": "Opp Gan Eng Seng Sec Sch", "Latitude": 1.29088138899671, "Longitude": 103.82407777797806 }, { "BusStopCode": "10261", "RoadName": "Alexandra Rd", "Description": "Delta Sports Hall", "Latitude": 1.29090335842692, "Longitude": 103.82047232884216 }, { "BusStopCode": "10269", "RoadName": "Alexandra Rd", "Description": "Opp Delta Sports Hall", "Latitude": 1.29125331927458, "Longitude": 103.82057583280772 }, { "BusStopCode": "10271", "RoadName": "Alexandra Rd", "Description": "Opp Tanglin View", "Latitude": 1.29115999997607, "Longitude": 103.81757666701353 }, { "BusStopCode": "10279", "RoadName": "Alexandra Rd", "Description": "Tanglin View", "Latitude": 1.29151373164978, "Longitude": 103.81757660887743 }, { "BusStopCode": "10281", "RoadName": "Alexandra Rd", "Description": "SIS Bldg", "Latitude": 1.29153833298318, "Longitude": 103.81445166697797 }, { "BusStopCode": "10289", "RoadName": "Alexandra Rd", "Description": "Opp SIS Bldg", "Latitude": 1.2918699745378, "Longitude": 103.81440639448375 }, { "BusStopCode": "10291", "RoadName": "Alexandra Rd", "Description": "Bef Dawson Rd", "Latitude": 1.29215855273858, "Longitude": 103.81065866068086 }, { "BusStopCode": "10299", "RoadName": "Alexandra Rd", "Description": "Aft Dawson Rd", "Latitude": 1.29233498466278, "Longitude": 103.81146486767658 }, { "BusStopCode": "10321", "RoadName": "Tanglin Rd", "Description": "Aft Margaret Dr", "Latitude": 1.29428332949691, "Longitude": 103.81587839882768 }, { "BusStopCode": "10329", "RoadName": "Tanglin Rd", "Description": "Crescent Girls' Sch", "Latitude": 1.29364671283262, "Longitude": 103.81597460107542 }, { "BusStopCode": "10331", "RoadName": "Henderson Rd", "Description": "Bef Bt Merah Ctrl", "Latitude": 1.28136306628839, "Longitude": 103.81834423228645 }, { "BusStopCode": "10339", "RoadName": "Henderson Rd", "Description": "Aft Bt Merah Ctrl", "Latitude": 1.28115835063292, "Longitude": 103.81857250844851 }, { "BusStopCode": "10341", "RoadName": "Henderson Rd", "Description": "Opp Blk 116", "Latitude": 1.28484639603431, "Longitude": 103.82059301467888 }, { "BusStopCode": "10349", "RoadName": "Henderson Rd", "Description": "Blk 116", "Latitude": 1.284977, "Longitude": 103.821011 }, { "BusStopCode": "10351", "RoadName": "Henderson Rd", "Description": "Bef Tiong Bahru Rd", "Latitude": 1.28675501760897, "Longitude": 103.82204990181914 }, { "BusStopCode": "10359", "RoadName": "Henderson Rd", "Description": "Aft Tiong Bahru Rd", "Latitude": 1.28723833324362, "Longitude": 103.82259298997768 }, { "BusStopCode": "10361", "RoadName": "Lower Delta Rd", "Description": "Cendex Ctr", "Latitude": 1.28038092060065, "Longitude": 103.82353025808791 }, { "BusStopCode": "10369", "RoadName": "Lower Delta Rd", "Description": "Opp Cendex Ctr", "Latitude": 1.28037471151153, "Longitude": 103.82387343933006 }, { "BusStopCode": "10371", "RoadName": "Lower Delta Rd", "Description": "Blk 129", "Latitude": 1.28365072319387, "Longitude": 103.824502653383 }, { "BusStopCode": "10379", "RoadName": "Lower Delta Rd", "Description": "Blk 25B", "Latitude": 1.28373603376667, "Longitude": 103.82489520929732 }, { "BusStopCode": "10381", "RoadName": "Lower Delta Rd", "Description": "Opp Blk 48", "Latitude": 1.28906972186602, "Longitude": 103.82559411728036 }, { "BusStopCode": "10389", "RoadName": "Lower Delta Rd", "Description": "Blk 48", "Latitude": 1.28875832991208, "Longitude": 103.82573455047122 }, { "BusStopCode": "10391", "RoadName": "Kg Bahru Rd", "Description": "Opp Melati Blk 2", "Latitude": 1.27627105343758, "Longitude": 103.8312563936613 }, { "BusStopCode": "10399", "RoadName": "Kg Bahru Rd", "Description": "Melati Blk 2", "Latitude": 1.27588166292683, "Longitude": 103.83019454205221 }, { "BusStopCode": "10401", "RoadName": "Hoy Fatt Rd", "Description": "Shriro Hse", "Latitude": 1.28816729863, "Longitude": 103.81167850401884 }, { "BusStopCode": "10409", "RoadName": "Hoy Fatt Rd", "Description": "Blk 50", "Latitude": 1.28788221830638, "Longitude": 103.81099317775703 }, { "BusStopCode": "10411", "RoadName": "Hoy Fatt Rd", "Description": "Opp Blk 53", "Latitude": 1.28912979528004, "Longitude": 103.81280840030111 }, { "BusStopCode": "10419", "RoadName": "Hoy Fatt Rd", "Description": "Blk 52", "Latitude": 1.28842024220748, "Longitude": 103.81257549749508 }, { "BusStopCode": "10421", "RoadName": "Lengkok Bahru", "Description": "Blk 63B", "Latitude": 1.2889706156154, "Longitude": 103.81503540991777 }, { "BusStopCode": "10429", "RoadName": "Lengkok Bahru", "Description": "Blk 54", "Latitude": 1.2892779060127, "Longitude": 103.81404805422201 }, { "BusStopCode": "10431", "RoadName": "Lengkok Bahru", "Description": "ENABLING VILLAGE", "Latitude": 1.28708384358883, "Longitude": 103.81399869917512 }, { "BusStopCode": "10439", "RoadName": "Lengkok Bahru", "Description": "OPP ENABLING VILLAGE", "Latitude": 1.28747956947939, "Longitude": 103.81418936580334 }, { "BusStopCode": "10441", "RoadName": "Lengkok Bahru", "Description": "Opp Blk 44", "Latitude": 1.28656898930199, "Longitude": 103.8116061687213 }, { "BusStopCode": "10449", "RoadName": "Lengkok Bahru", "Description": "Blk 44", "Latitude": 1.28666552495266, "Longitude": 103.81195378046979 }, { "BusStopCode": "10451", "RoadName": "Redhill Rd", "Description": "Opp Blk 71", "Latitude": 1.28762380319765, "Longitude": 103.8172559639682 }, { "BusStopCode": "10459", "RoadName": "Redhill Rd", "Description": "Blk 72", "Latitude": 1.28754723360397, "Longitude": 103.81639920301684 }, { "BusStopCode": "10461", "RoadName": "Kay Siang Rd", "Description": "Aft Margaret Dr", "Latitude": 1.29680597432594, "Longitude": 103.81169140516062 }, { "BusStopCode": "10469", "RoadName": "Kay Siang Rd", "Description": "Bef Margaret Dr", "Latitude": 1.29668400003303, "Longitude": 103.81216918970023 }, { "BusStopCode": "10471", "RoadName": "Kay Siang Rd", "Description": "Bef Tanglin Rd", "Latitude": 1.29679993078344, "Longitude": 103.81468220659576 }, { "BusStopCode": "10479", "RoadName": "Kay Siang Rd", "Description": "Aft Tanglin Rd", "Latitude": 1.29668100002552, "Longitude": 103.81547381025995 }, { "BusStopCode": "10481", "RoadName": "Redhill Cl", "Description": "Opp Blk 73", "Latitude": 1.28784195484767, "Longitude": 103.81797160113335 }, { "BusStopCode": "10489", "RoadName": "Redhill Cl", "Description": "Blk 73", "Latitude": 1.28811638897142, "Longitude": 103.81778388900163 }, { "BusStopCode": "10499", "RoadName": "Spooner Rd", "Description": "KAMPONG BAHRU TER", "Latitude": 1.27585400417691, "Longitude": 103.83401000002084 }, { "BusStopCode": "10501", "RoadName": "Jln Bt Merah", "Description": "Blk 104", "Latitude": 1.28105845355429, "Longitude": 103.82528065411316 }, { "BusStopCode": "10519", "RoadName": "Delta Rd", "Description": "Blk 4", "Latitude": 1.291728, "Longitude": 103.826122 }, { "BusStopCode": "10599", "RoadName": "Jln Rumah Tinggi", "Description": "Opp Blk 36", "Latitude": 1.28883435010664, "Longitude": 103.80924997344987 }, { "BusStopCode": "10651", "RoadName": "Bt Merah Ctrl", "Description": "Blk 161", "Latitude": 1.28329993019059, "Longitude": 103.81547665017668 }, { "BusStopCode": "10659", "RoadName": "Bt Merah Ctrl", "Description": "Blk 1003", "Latitude": 1.28362333298689, "Longitude": 103.81472833301791 }, { "BusStopCode": "11009", "RoadName": "Ghim Moh Rd", "Description": "Ghim Moh Ter", "Latitude": 1.3110673548964, "Longitude": 103.78932237623975 }, { "BusStopCode": "11019", "RoadName": "Jln Bt Merah", "Description": "Pk Hotel Alexandra", "Latitude": 1.28679632523156, "Longitude": 103.80565677295323 }, { "BusStopCode": "11021", "RoadName": "Queensway", "Description": "Aft Queenstown NPC HQ", "Latitude": 1.28941805603102, "Longitude": 103.80228694398484 }, { "BusStopCode": "11029", "RoadName": "Queensway", "Description": "Blk 166", "Latitude": 1.29013472201419, "Longitude": 103.80202111098815 }, { "BusStopCode": "11031", "RoadName": "Queensway", "Description": "Opp Queen's Cl", "Latitude": 1.29119666696879, "Longitude": 103.80045500000118 }, { "BusStopCode": "11039", "RoadName": "Queensway", "Description": "Blk 19", "Latitude": 1.29245762862665, "Longitude": 103.79998683928974 }, { "BusStopCode": "11041", "RoadName": "Queensway", "Description": "Aft C'wealth Dr", "Latitude": 1.29624499998226, "Longitude": 103.79952333299494 }, { "BusStopCode": "11049", "RoadName": "Queensway", "Description": "Opp Blessed Sacrament Ch", "Latitude": 1.2954609366563, "Longitude": 103.79952549937242 }, { "BusStopCode": "11051", "RoadName": "Queensway", "Description": "Opp Queenstown Polyclinic", "Latitude": 1.29872166703909, "Longitude": 103.8002979755481 }, { "BusStopCode": "11059", "RoadName": "Queensway", "Description": "Queenstown Polyclinic", "Latitude": 1.29882892782979, "Longitude": 103.80097389222824 }, { "BusStopCode": "11061", "RoadName": "Queensway", "Description": "Opp Queensway Sec Sch", "Latitude": 1.30265777802206, "Longitude": 103.80118694402536 }, { "BusStopCode": "11069", "RoadName": "Queensway", "Description": "Queensway Sec Sch", "Latitude": 1.30236853162324, "Longitude": 103.80161762237655 }, { "BusStopCode": "11071", "RoadName": "Queensway", "Description": "Blk 97", "Latitude": 1.30621305601609, "Longitude": 103.80170944396954 }, { "BusStopCode": "11079", "RoadName": "Queensway", "Description": "Opp Blk 95", "Latitude": 1.305441389003, "Longitude": 103.80185250000659 }, { "BusStopCode": "11081", "RoadName": "Queensway", "Description": "Viz Holland", "Latitude": 1.30851972202313, "Longitude": 103.80258027799627 }, { "BusStopCode": "11089", "RoadName": "Queensway", "Description": "Opp Holland Hill Lodge", "Latitude": 1.30946135492693, "Longitude": 103.80334087354639 }, { "BusStopCode": "11091", "RoadName": "Farrer Rd", "Description": "Leedon Green", "Latitude": 1.31219444050072, "Longitude": 103.80367378215983 }, { "BusStopCode": "11099", "RoadName": "Farrer Rd", "Description": "Opp Leedon Green", "Latitude": 1.31305333300118, "Longitude": 103.80437666697586 }, { "BusStopCode": "11101", "RoadName": "Farrer Rd", "Description": "Farrer Rd Mkt", "Latitude": 1.31614971080385, "Longitude": 103.80596012189226 }, { "BusStopCode": "11109", "RoadName": "Farrer Rd", "Description": "Spanish Village", "Latitude": 1.31552472199926, "Longitude": 103.80574305602846 }, { "BusStopCode": "11111", "RoadName": "Farrer Rd", "Description": "Farrer Rd Stn Exit B", "Latitude": 1.31780157259006, "Longitude": 103.80771866952543 }, { "BusStopCode": "11119", "RoadName": "Farrer Rd", "Description": "Farrer Rd Stn Exit A", "Latitude": 1.31747833490912, "Longitude": 103.80785606728587 }, { "BusStopCode": "11131", "RoadName": "C'wealth Ave", "Description": "Queens Condo", "Latitude": 1.2928849988829, "Longitude": 103.80706694417339 }, { "BusStopCode": "11139", "RoadName": "C'wealth Ave", "Description": "Blk 53A CP", "Latitude": 1.2931986108138, "Longitude": 103.80744694841283 }, { "BusStopCode": "11141", "RoadName": "C'wealth Ave", "Description": "Queenstown Stn Exit A/D", "Latitude": 1.29463705145492, "Longitude": 103.80582510668431 }, { "BusStopCode": "11149", "RoadName": "C'wealth Ave", "Description": "Queenstown Stn Exit B/C", "Latitude": 1.29506407111991, "Longitude": 103.80596280094791 }, { "BusStopCode": "11151", "RoadName": "C'wealth Ave", "Description": "Blk 42", "Latitude": 1.29863585845076, "Longitude": 103.80247592925552 }, { "BusStopCode": "11159", "RoadName": "C'wealth Ave", "Description": "Aft Ch Of Our Saviour", "Latitude": 1.29800440816386, "Longitude": 103.80362656855579 }, { "BusStopCode": "11161", "RoadName": "C'wealth Ave", "Description": "C'Wealth Stn Exit A/D", "Latitude": 1.30213305598263, "Longitude": 103.79839083302141 }, { "BusStopCode": "11169", "RoadName": "C'wealth Ave", "Description": "C'Wealth Stn Exit B/C", "Latitude": 1.30270500001823, "Longitude": 103.79838166697326 }, { "BusStopCode": "11171", "RoadName": "C'wealth Ave", "Description": "Opp Blk 7B", "Latitude": 1.30535666699303, "Longitude": 103.79479722196947 }, { "BusStopCode": "11179", "RoadName": "C'wealth Ave", "Description": "Blk 8", "Latitude": 1.30627521395682, "Longitude": 103.79427940117534 }, { "BusStopCode": "11181", "RoadName": "C'wealth Ave", "Description": "Opp Blk 43", "Latitude": 1.30722333300814, "Longitude": 103.79227638896938 }, { "BusStopCode": "11189", "RoadName": "C'wealth Ave", "Description": "Blk 43", "Latitude": 1.30740138898924, "Longitude": 103.79254222202354 }, { "BusStopCode": "11191", "RoadName": "C'wealth Ave West", "Description": "The Star Vista", "Latitude": 1.30801640815091, "Longitude": 103.7883731546267 }, { "BusStopCode": "11199", "RoadName": "C'wealth Ave West", "Description": "Blk 15", "Latitude": 1.30837970735444, "Longitude": 103.78843145303215 }, { "BusStopCode": "11201", "RoadName": "Holland Rd", "Description": "CSC Dempsey Clubhse", "Latitude": 1.30692642897557, "Longitude": 103.81186453577433 }, { "BusStopCode": "11209", "RoadName": "Holland Rd", "Description": "Opp Peirce Rd", "Latitude": 1.30817280849852, "Longitude": 103.81038349817638 }, { "BusStopCode": "11211", "RoadName": "Holland Rd", "Description": "Aft Peirce Rd", "Latitude": 1.30838779885113, "Longitude": 103.80939522851014 }, { "BusStopCode": "11219", "RoadName": "Holland Rd", "Description": "Great Eastern Mansions", "Latitude": 1.30988506093033, "Longitude": 103.80716407830104 }, { "BusStopCode": "11221", "RoadName": "Holland Rd", "Description": "Lien Twrs", "Latitude": 1.310019, "Longitude": 103.805506 }, { "BusStopCode": "11229", "RoadName": "Holland Rd", "Description": "Sommerville Pk", "Latitude": 1.31060065879064, "Longitude": 103.80522542227166 }, { "BusStopCode": "11231", "RoadName": "Holland Rd", "Description": "Aft Hyll on Holland", "Latitude": 1.31115316310297, "Longitude": 103.80119919777994 }, { "BusStopCode": "11239", "RoadName": "Holland Rd", "Description": "Fairlodge", "Latitude": 1.31152857401616, "Longitude": 103.80165517330278 }, { "BusStopCode": "11259", "RoadName": "Holland Dr", "Description": "Opp Blk 21", "Latitude": 1.31119887945564, "Longitude": 103.79274002213417 }, { "BusStopCode": "11261", "RoadName": "Holland Rd", "Description": "Holland Village", "Latitude": 1.31223168432152, "Longitude": 103.79444621838488 }, { "BusStopCode": "11269", "RoadName": "Holland Rd", "Description": "Opp Holland Village", "Latitude": 1.31256112590195, "Longitude": 103.79453796697418 }, { "BusStopCode": "11271", "RoadName": "Holland Rd", "Description": "Aft East Sussex Lane", "Latitude": 1.31473444398294, "Longitude": 103.79008416699845 }, { "BusStopCode": "11279", "RoadName": "Holland Rd", "Description": "Aft Coronation Rd West", "Latitude": 1.31466878886978, "Longitude": 103.79069259768109 }, { "BusStopCode": "11281", "RoadName": "Holland Rd", "Description": "Aft Tan Boon Chong Ave", "Latitude": 1.31622694399746, "Longitude": 103.78852194399074 }, { "BusStopCode": "11289", "RoadName": "Holland Rd", "Description": "Opp Tan Boon Chong Ave", "Latitude": 1.31618891387774, "Longitude": 103.78904342517946 }, { "BusStopCode": "11291", "RoadName": "Holland Rd", "Description": "Cold Storage Jelita", "Latitude": 1.31792777802094, "Longitude": 103.78592333300938 }, { "BusStopCode": "11299", "RoadName": "Holland Rd", "Description": "Opp Cold Storage Jelita", "Latitude": 1.31826975603165, "Longitude": 103.78558843680226 }, { "BusStopCode": "11301", "RoadName": "Sixth Ave", "Description": "Hse No. 578", "Latitude": 1.31803972093441, "Longitude": 103.78790067716272 }, { "BusStopCode": "11309", "RoadName": "Sixth Ave", "Description": "Hse No. 589", "Latitude": 1.31862443850443, "Longitude": 103.78842993526158 }, { "BusStopCode": "11311", "RoadName": "Sixth Ave", "Description": "Hse No. 532", "Latitude": 1.31989638898836, "Longitude": 103.78918694402276 }, { "BusStopCode": "11319", "RoadName": "Sixth Ave", "Description": "Opp Hse No. 516", "Latitude": 1.3203063798654, "Longitude": 103.78959970624805 }, { "BusStopCode": "11321", "RoadName": "Sixth Ave", "Description": "Opp Regent Villa", "Latitude": 1.32123138902898, "Longitude": 103.79010361098513 }, { "BusStopCode": "11329", "RoadName": "Sixth Ave", "Description": "Regent Villa", "Latitude": 1.32236139685053, "Longitude": 103.7909809400838 }, { "BusStopCode": "11331", "RoadName": "Sixth Ave", "Description": "Opp Dynasty Gdn II", "Latitude": 1.32320918827361, "Longitude": 103.79144668575621 }, { "BusStopCode": "11339", "RoadName": "Sixth Ave", "Description": "Dynasty Lodge", "Latitude": 1.32398638897489, "Longitude": 103.79204722198944 }, { "BusStopCode": "11341", "RoadName": "Sixth Ave", "Description": "Garlick Ville", "Latitude": 1.32551506183496, "Longitude": 103.79282790894261 }, { "BusStopCode": "11349", "RoadName": "Sixth Ave", "Description": "Opp Garlick Ville", "Latitude": 1.32566611098306, "Longitude": 103.79307388903305 }, { "BusStopCode": "11351", "RoadName": "Ghim Moh Rd", "Description": "Blk 13", "Latitude": 1.30934571218561, "Longitude": 103.78945112775229 }, { "BusStopCode": "11359", "RoadName": "Ghim Moh Rd", "Description": "Opp Blk 13", "Latitude": 1.30931022636473, "Longitude": 103.78968608347117 }, { "BusStopCode": "11361", "RoadName": "Nth Buona Vista Rd", "Description": "Buona Vista Stn Exit C", "Latitude": 1.30649698638726, "Longitude": 103.79058123542397 }, { "BusStopCode": "11369", "RoadName": "Nth Buona Vista Rd", "Description": "Buona Vista Stn Exit D", "Latitude": 1.3063259638605, "Longitude": 103.79084827741467 }, { "BusStopCode": "11379", "RoadName": "Nth Buona Vista Rd", "Description": "Buona Vista Ter", "Latitude": 1.30917002463976, "Longitude": 103.79236323128613 }, { "BusStopCode": "11381", "RoadName": "Holland Dr", "Description": "Blk 10A", "Latitude": 1.30841137865065, "Longitude": 103.79328294102335 }, { "BusStopCode": "11389", "RoadName": "Holland Dr", "Description": "Blk 46", "Latitude": 1.30906501014268, "Longitude": 103.7929321687807 }, { "BusStopCode": "11401", "RoadName": "Holland Ave", "Description": "Holland V Stn/Blk12", "Latitude": 1.30906722197973, "Longitude": 103.79507444402137 }, { "BusStopCode": "11409", "RoadName": "Holland Ave", "Description": "Blk 9", "Latitude": 1.3076441670056, "Longitude": 103.79432583301961 }, { "BusStopCode": "11419", "RoadName": "Holland Ave", "Description": "Holland V Stn Exit A", "Latitude": 1.31102981378085, "Longitude": 103.79604399202725 }, { "BusStopCode": "11429", "RoadName": "C'wealth Dr", "Description": "Opp Blk 115B", "Latitude": 1.30454000002017, "Longitude": 103.7983633329984 }, { "BusStopCode": "11439", "RoadName": "C'wealth Dr", "Description": "Blk 92", "Latitude": 1.30606472198412, "Longitude": 103.80029777801455 }, { "BusStopCode": "11441", "RoadName": "C'wealth Dr", "Description": "Blk 58", "Latitude": 1.29780416697573, "Longitude": 103.79754055603178 }, { "BusStopCode": "11449", "RoadName": "C'wealth Dr", "Description": "Blk 37B", "Latitude": 1.29840527801842, "Longitude": 103.79760333302292 }, { "BusStopCode": "11451", "RoadName": "C'wealth Dr", "Description": "Blk 72", "Latitude": 1.30034972200468, "Longitude": 103.79707277801477 }, { "BusStopCode": "11459", "RoadName": "C'wealth Dr", "Description": "Blk 50", "Latitude": 1.30097055597804, "Longitude": 103.7968519439962 }, { "BusStopCode": "11469", "RoadName": "Margaret Dr", "Description": "Queensway Sec Sch", "Latitude": 1.30113503392421, "Longitude": 103.80188584326886 }, { "BusStopCode": "11471", "RoadName": "Margaret Dr", "Description": "Opp The Fisherman Ch", "Latitude": 1.29951892595663, "Longitude": 103.80315156606572 }, { "BusStopCode": "11481", "RoadName": "Margaret Dr", "Description": "Queenstown Lib", "Latitude": 1.29811518922625, "Longitude": 103.8060054035445 }, { "BusStopCode": "11489", "RoadName": "Margaret Dr", "Description": "Blk 30", "Latitude": 1.298817, "Longitude": 103.804395 }, { "BusStopCode": "11491", "RoadName": "Margaret Dr", "Description": "Opp Queenstown Pr Sch", "Latitude": 1.29710202847016, "Longitude": 103.8076364994003 }, { "BusStopCode": "11499", "RoadName": "Margaret Dr", "Description": "Queenstown Pr Sch", "Latitude": 1.29685053610951, "Longitude": 103.80788663334461 }, { "BusStopCode": "11511", "RoadName": "Alexandra Rd", "Description": "Alexandra Hosp", "Latitude": 1.2859468736223, "Longitude": 103.80251884462385 }, { "BusStopCode": "11519", "RoadName": "Alexandra Rd", "Description": "Opp Queensway Shop Ctr", "Latitude": 1.28665742231261, "Longitude": 103.80334129425303 }, { "BusStopCode": "11521", "RoadName": "Alexandra Rd", "Description": "Anchorpoint", "Latitude": 1.2885710102662, "Longitude": 103.80543003047167 }, { "BusStopCode": "11529", "RoadName": "Alexandra Rd", "Description": "Bef IKEA Ind Bldg", "Latitude": 1.28903120647732, "Longitude": 103.8060909305284 }, { "BusStopCode": "11531", "RoadName": "Alexandra Rd", "Description": "Opp Lea Hin Hardware Fty", "Latitude": 1.29108833302538, "Longitude": 103.80753083302794 }, { "BusStopCode": "11539", "RoadName": "Alexandra Rd", "Description": "Lea Hin Hardware Fty", "Latitude": 1.29117049549107, "Longitude": 103.80786180498694 }, { "BusStopCode": "11541", "RoadName": "Stirling Rd", "Description": "Opp Queens", "Latitude": 1.29235984013148, "Longitude": 103.80578500139798 }, { "BusStopCode": "11551", "RoadName": "Stirling Rd", "Description": "Tiong Ghee Tp", "Latitude": 1.29126703051517, "Longitude": 103.8040959835246 }, { "BusStopCode": "11561", "RoadName": "Stirling Rd", "Description": "Blk 166", "Latitude": 1.29107396045212, "Longitude": 103.80247592924283 }, { "BusStopCode": "11579", "RoadName": "Mei Ling St", "Description": "Blk 158", "Latitude": 1.29256489056942, "Longitude": 103.80303321252237 }, { "BusStopCode": "11589", "RoadName": "Mei Ling St", "Description": "Blk 157", "Latitude": 1.292991881006, "Longitude": 103.80400524995773 }, { "BusStopCode": "11599", "RoadName": "Mei Ling St", "Description": "Blk 153", "Latitude": 1.29420805600708, "Longitude": 103.80314888900556 }, { "BusStopCode": "11609", "RoadName": "Mei Chin Rd", "Description": "Blk 163", "Latitude": 1.29188972202709, "Longitude": 103.80212194401808 }, { "BusStopCode": "12021", "RoadName": "Holland Rd", "Description": "Bef Moonbeam Wk", "Latitude": 1.31907638897016, "Longitude": 103.78243055601493 }, { "BusStopCode": "12029", "RoadName": "Holland Rd", "Description": "Opp Moonbeam Wk", "Latitude": 1.31958369390988, "Longitude": 103.7824392109149 }, { "BusStopCode": "12031", "RoadName": "Ulu Pandan Rd", "Description": "Pandan Valley Condo", "Latitude": 1.3208008510991, "Longitude": 103.7796285552172 }, { "BusStopCode": "12039", "RoadName": "Ulu Pandan Rd", "Description": "Opp Pandan Valley Condo", "Latitude": 1.32104526183447, "Longitude": 103.78018998386835 }, { "BusStopCode": "12041", "RoadName": "Ulu Pandan Rd", "Description": "Aft Pandan Valley", "Latitude": 1.32049172685895, "Longitude": 103.77653442120544 }, { "BusStopCode": "12049", "RoadName": "Ulu Pandan Rd", "Description": "Opp Pandan Valley", "Latitude": 1.32091131971837, "Longitude": 103.77655888991401 }, { "BusStopCode": "12051", "RoadName": "Ulu Pandan Rd", "Description": "Pine Gr Condo", "Latitude": 1.3204289505949, "Longitude": 103.7750613105408 }, { "BusStopCode": "12059", "RoadName": "Ulu Pandan Rd", "Description": "Opp Pine Gr Condo", "Latitude": 1.32072731097778, "Longitude": 103.77515897833835 }, { "BusStopCode": "12061", "RoadName": "Clementi Rd", "Description": "Blk 109", "Latitude": 1.32178500189496, "Longitude": 103.77087339859139 }, { "BusStopCode": "12069", "RoadName": "Clementi Rd", "Description": "Opp Blk 109A", "Latitude": 1.321433056, "Longitude": 103.7710419 }, { "BusStopCode": "12071", "RoadName": "Clementi Rd", "Description": "Blk 116", "Latitude": 1.32402249998323, "Longitude": 103.77219388896603 }, { "BusStopCode": "12079", "RoadName": "Clementi Rd", "Description": "Opp Blk 116", "Latitude": 1.32383187575187, "Longitude": 103.77263094375739 }, { "BusStopCode": "12081", "RoadName": "Clementi Rd", "Description": "Maju Camp", "Latitude": 1.326468056, "Longitude": 103.77543 }, { "BusStopCode": "12089", "RoadName": "Clementi Rd", "Description": "Opp Maju Camp", "Latitude": 1.326261111, "Longitude": 103.7757089 }, { "BusStopCode": "12091", "RoadName": "Clementi Rd", "Description": "SIM HQ", "Latitude": 1.32918315486756, "Longitude": 103.7771471166854 }, { "BusStopCode": "12099", "RoadName": "Clementi Rd", "Description": "Opp SIM HQ", "Latitude": 1.327838056, "Longitude": 103.7767036 }, { "BusStopCode": "12101", "RoadName": "Clementi Rd", "Description": "Ngee Ann Poly", "Latitude": 1.33243896358504, "Longitude": 103.77768506316727 }, { "BusStopCode": "12109", "RoadName": "Clementi Rd", "Description": "Opp Ngee Ann Poly", "Latitude": 1.330819444, "Longitude": 103.7780086 }, { "BusStopCode": "12111", "RoadName": "Ulu Pandan Rd", "Description": "Bef Clementi Rd", "Latitude": 1.3191179107649, "Longitude": 103.77222980786665 }, { "BusStopCode": "12119", "RoadName": "Ulu Pandan Rd", "Description": "Police KINS Trg Camp", "Latitude": 1.31964598192789, "Longitude": 103.77279266281438 }, { "BusStopCode": "12121", "RoadName": "Ghim Moh Rd", "Description": "Blk 7", "Latitude": 1.31164833301814, "Longitude": 103.7871516670319 }, { "BusStopCode": "12129", "RoadName": "Ghim Moh Rd", "Description": "Blk 3", "Latitude": 1.31182111096862, "Longitude": 103.78732611099163 }, { "BusStopCode": "12131", "RoadName": "Mt Sinai Rd", "Description": "Aft Grove Ave", "Latitude": 1.3141594439742, "Longitude": 103.785061666981 }, { "BusStopCode": "12139", "RoadName": "Mt Sinai Rd", "Description": "Aft Mt Sinai Lane", "Latitude": 1.31453185933289, "Longitude": 103.78504157068625 }, { "BusStopCode": "12141", "RoadName": "Mt Sinai Rd", "Description": "Opp Henry Pk", "Latitude": 1.31574389841394, "Longitude": 103.78239154819083 }, { "BusStopCode": "12149", "RoadName": "Mt Sinai Rd", "Description": "Henry Pk", "Latitude": 1.31576900455367, "Longitude": 103.78266099158458 }, { "BusStopCode": "12151", "RoadName": "Moonbeam Walk", "Description": "Bef Moonbeam Terr", "Latitude": 1.31865064467378, "Longitude": 103.78127574919664 }, { "BusStopCode": "12169", "RoadName": "Pandan Valley", "Description": "Pandan Valley", "Latitude": 1.31916549240365, "Longitude": 103.77724170687915 }, { "BusStopCode": "12179", "RoadName": "Mt Sinai Rise", "Description": "Montview", "Latitude": 1.31679504687757, "Longitude": 103.7769949436126 }, { "BusStopCode": "12189", "RoadName": "Mt Sinai Rise", "Description": "Bef Mt Sinai Dr", "Latitude": 1.31642693680141, "Longitude": 103.78022402243116 }, { "BusStopCode": "12199", "RoadName": "Mt Sinai Rise", "Description": "Opp Village Twr", "Latitude": 1.31547998901343, "Longitude": 103.77820622498255 }, { "BusStopCode": "12201", "RoadName": "Clementi Ave 6", "Description": "Logishub @ Clementi", "Latitude": 1.32670826856501, "Longitude": 103.76399509585458 }, { "BusStopCode": "12209", "RoadName": "Clementi Ave 6", "Description": "Opp Logishub @ Clementi", "Latitude": 1.32653202760922, "Longitude": 103.76429968220569 }, { "BusStopCode": "12211", "RoadName": "Mt Sinai Dr", "Description": "Bef Mt Sinai Wk", "Latitude": 1.31721336095462, "Longitude": 103.78070712088581 }, { "BusStopCode": "13011", "RoadName": "Napier Rd", "Description": "Opp S'pore Botanic Gdns", "Latitude": 1.306504, "Longitude": 103.81932 }, { "BusStopCode": "13019", "RoadName": "Napier Rd", "Description": "S'pore Botanic Gdns", "Latitude": 1.3067380217198, "Longitude": 103.82013079894885 }, { "BusStopCode": "13021", "RoadName": "Holland Rd", "Description": "Aft Min Of Foreign Affairs", "Latitude": 1.30633972996805, "Longitude": 103.81430670816292 }, { "BusStopCode": "13029", "RoadName": "Holland Rd", "Description": "Bef Tyersall Ave", "Latitude": 1.30671783282361, "Longitude": 103.8145185880206 }, { "BusStopCode": "13031", "RoadName": "Tanglin Rd", "Description": "Opp Chatsworth Rd", "Latitude": 1.29912972200223, "Longitude": 103.81707388901162 }, { "BusStopCode": "13039", "RoadName": "Tanglin Rd", "Description": "Bef Chatsworth Rd", "Latitude": 1.29981572699945, "Longitude": 103.81744265557978 }, { "BusStopCode": "13041", "RoadName": "Tanglin Rd", "Description": "Aft Camp Rd", "Latitude": 1.30242834318416, "Longitude": 103.81967634723284 }, { "BusStopCode": "13049", "RoadName": "Tanglin Rd", "Description": "Bef Rochalie Dr", "Latitude": 1.30261671321463, "Longitude": 103.82045069624506 }, { "BusStopCode": "13051", "RoadName": "River Valley Rd", "Description": "Opp Valley Pt", "Latitude": 1.29334305906356, "Longitude": 103.8263656209055 }, { "BusStopCode": "13059", "RoadName": "River Valley Rd", "Description": "Valley Pt", "Latitude": 1.29328273601932, "Longitude": 103.82663492676832 }, { "BusStopCode": "13062", "RoadName": "River Valley Rd", "Description": "STELLAR RV", "Latitude": 1.29476674399435, "Longitude": 103.82853268161283 }, { "BusStopCode": "13063", "RoadName": "River Valley Rd", "Description": "RV SUITES", "Latitude": 1.29534692836828, "Longitude": 103.82964309110659 }, { "BusStopCode": "13069", "RoadName": "River Valley Rd", "Description": "RV RESIDENCES", "Latitude": 1.29488000002792, "Longitude": 103.82880805602646 }, { "BusStopCode": "13071", "RoadName": "River Valley Rd", "Description": "Riva Lodge", "Latitude": 1.29636199316259, "Longitude": 103.8322512944371 }, { "BusStopCode": "13079", "RoadName": "River Valley Rd", "Description": "The Cosmopolitan", "Latitude": 1.29612213279141, "Longitude": 103.83229211134126 }, { "BusStopCode": "13081", "RoadName": "River Valley Rd", "Description": "St. Thomas Wk", "Latitude": 1.2959113890106, "Longitude": 103.83624277798825 }, { "BusStopCode": "13089", "RoadName": "River Valley Rd", "Description": "Opp St. Thomas Wk", "Latitude": 1.29575111096804, "Longitude": 103.83604111103381 }, { "BusStopCode": "13091", "RoadName": "River Valley Rd", "Description": "AFT KIM YAM RD", "Latitude": 1.29593138900491, "Longitude": 103.83937805601917 }, { "BusStopCode": "13099", "RoadName": "River Valley Rd", "Description": "BEF KIM YAM RD", "Latitude": 1.29578024244395, "Longitude": 103.83961272081199 }, { "BusStopCode": "13101", "RoadName": "River Valley Rd", "Description": "Opp Mohd Sultan Rd", "Latitude": 1.29414162678811, "Longitude": 103.84231209757696 }, { "BusStopCode": "13109", "RoadName": "River Valley Rd", "Description": "UE Sq/Bef Mohd Sultan Rd", "Latitude": 1.29350944398488, "Longitude": 103.84272416702719 }, { "BusStopCode": "13119", "RoadName": "Kim Seng Rd", "Description": "Opp Great World City", "Latitude": 1.29362677394379, "Longitude": 103.83283853530904 }, { "BusStopCode": "13121", "RoadName": "Zion Rd", "Description": "Opp Great World City", "Latitude": 1.29409221679274, "Longitude": 103.8308377640795 }, { "BusStopCode": "13139", "RoadName": "Kim Seng Rd", "Description": "The Trillium", "Latitude": 1.2950426189642, "Longitude": 103.83205533028763 }, { "BusStopCode": "13141", "RoadName": "Hoot Kiam Rd", "Description": "Aft Zion Full Gospel Ch", "Latitude": 1.29763682834545, "Longitude": 103.82997986347917 }, { "BusStopCode": "13159", "RoadName": "Irwell Bank Rd", "Description": "Bef Zion Full Gospel Ch", "Latitude": 1.29796011528522, "Longitude": 103.83053183555204 }, { "BusStopCode": "13169", "RoadName": "Grange Rd", "Description": "Grange 80 Condo", "Latitude": 1.29910305180416, "Longitude": 103.82839289158527 }, { "BusStopCode": "13171", "RoadName": "Grange Rd", "Description": "Gramercy Pk", "Latitude": 1.29906809120339, "Longitude": 103.82650703485064 }, { "BusStopCode": "13179", "RoadName": "Grange Rd", "Description": "Cliveden At Grange", "Latitude": 1.29925749997453, "Longitude": 103.82665250000115 }, { "BusStopCode": "13181", "RoadName": "Grange Rd", "Description": "Aft One Tree Hill", "Latitude": 1.30023223661153, "Longitude": 103.82403473005562 }, { "BusStopCode": "13189", "RoadName": "Grange Rd", "Description": "Bef One Tree Hill", "Latitude": 1.30038166697497, "Longitude": 103.82414749997376 }, { "BusStopCode": "13191", "RoadName": "Paterson Rd", "Description": "Bef Orchard Blvd", "Latitude": 1.302461, "Longitude": 103.8297819 }, { "BusStopCode": "13199", "RoadName": "Paterson Rd", "Description": "Aft Orchard Blvd", "Latitude": 1.302127, "Longitude": 103.829875 }, { "BusStopCode": "13201", "RoadName": "Tanglin Rd", "Description": "British High Commission", "Latitude": 1.30453622259471, "Longitude": 103.82209559895128 }, { "BusStopCode": "13209", "RoadName": "Tanglin Rd", "Description": "Opp British High Comsn", "Latitude": 1.3040310710651, "Longitude": 103.82205605505206 }, { "BusStopCode": "14009", "RoadName": "Seah Im Rd", "Description": "HarbourFront Int", "Latitude": 1.26703502614245, "Longitude": 103.81901469907409 }, { "BusStopCode": "14011", "RoadName": "Kg Bahru Rd", "Description": "Bef Mt Faber Lodge", "Latitude": 1.26795444401606, "Longitude": 103.8255261109799 }, { "BusStopCode": "14019", "RoadName": "Kg Bahru Rd", "Description": "Opp Mt Faber Lodge", "Latitude": 1.2684889249437, "Longitude": 103.82571717446542 }, { "BusStopCode": "14021", "RoadName": "Lower Delta Rd", "Description": "The Pearl @ Mt Faber", "Latitude": 1.27132972198996, "Longitude": 103.82478361101728 }, { "BusStopCode": "14029", "RoadName": "Lower Delta Rd", "Description": "Blk 105", "Latitude": 1.27247333301883, "Longitude": 103.82418777803016 }, { "BusStopCode": "14031", "RoadName": "Lower Delta Rd", "Description": "St. Theresa's Convent", "Latitude": 1.27624277802151, "Longitude": 103.82306027800865 }, { "BusStopCode": "14039", "RoadName": "Lower Delta Rd", "Description": "Opp St. Theresa's Convent", "Latitude": 1.27663637861466, "Longitude": 103.82345826768822 }, { "BusStopCode": "14041", "RoadName": "Henderson Rd", "Description": "Blk 54", "Latitude": 1.2732727805917, "Longitude": 103.81247079301698 }, { "BusStopCode": "14049", "RoadName": "Henderson Rd", "Description": "Opp Blk 55", "Latitude": 1.27324166755337, "Longitude": 103.81304231999674 } ]