{"odata.metadata":"http://datamall2.mytransport.sg/ltaodataservice/$metadata#CarParkAvailability","value":[{"CarParkID":"1","Area":"Marina","Development":"Suntec City","Location":"1.29375 103.85718","AvailableLots":2765,"LotType":"C","Agency":"LTA"},{"CarParkID":"2","Area":"Marina","Development":"Marina Square","Location":"1.29115 103.85728","AvailableLots":1860,"LotType":"C","Agency":"LTA"},{"CarParkID":"3","Area":"Marina","Development":"Raffles City","Location":"1.29382 103.85319","AvailableLots":944,"LotType":"C","Agency":"LTA"},{"CarParkID":"4","Area":"Marina","Development":"The Esplanade","Location":"1.29011 103.85561","AvailableLots":756,"LotType":"C","Agency":"LTA"},{"CarParkID":"5","Area":"Marina","Development":"Millenia Singapore","Location":"1.29251 103.86009","AvailableLots":692,"LotType":"C","Agency":"LTA"},{"CarParkID":"6","Area":"Marina","Development":"Singapore Flyer","Location":"1.28944 103.86311","AvailableLots":141,"LotType":"C","Agency":"LTA"},{"CarParkID":"16","Area":"Harbfront","Development":"VivoCity P3","Location":"1.26421 103.82263","AvailableLots":1289,"LotType":"C","Agency":"LTA"},{"CarParkID":"17","Area":"Harbfront","Development":"Sentosa","Location":"1.25017 103.83126","AvailableLots":1565,"LotType":"C","Agency":"LTA"},{"CarParkID":"19","Area":"Harbfront","Development":"Harbourfront Centre","Location":"1.26426 103.82011","AvailableLots":1031,"LotType":"C","Agency":"LTA"},{"CarParkID":"50","Area":"Harbfront","Development":"VivoCity P2","Location":"1.26426 103.82164","AvailableLots":827,"LotType":"C","Agency":"LTA"},{"CarParkID":"20","Area":"Orchard","Development":"Far East Plaza","Location":"1.3071 103.83359","AvailableLots":488,"LotType":"C","Agency":"LTA"},{"CarParkID":"18","Area":"Orchard","Development":"Tang Plaza","Location":"1.30491 103.83312","AvailableLots":390,"LotType":"C","Agency":"LTA"},{"CarParkID":"15","Area":"Orchard","Development":"Wheelock Place","Location":"1.3048 103.83063","AvailableLots":257,"LotType":"C","Agency":"LTA"},{"CarParkID":"13","Area":"Orchard","Development":"Ngee Ann City","Location":"1.30236 103.8349","AvailableLots":1123,"LotType":"C","Agency":"LTA"},{"CarParkID":"12","Area":"Orchard","Development":"Mandarin Hotel","Location":"1.30216 103.83601","AvailableLots":146,"LotType":"C","Agency":"LTA"},{"CarParkID":"11","Area":"Orchard","Development":"Cineleisure","Location":"1.30151 103.83641","AvailableLots":280,"LotType":"C","Agency":"LTA"},{"CarParkID":"21","Area":"Orchard","Development":"Centrepoint","Location":"1.302 103.83975","AvailableLots":293,"LotType":"C","Agency":"LTA"},{"CarParkID":"24","Area":"Orchard","Development":"313@Somerset","Location":"1.30084 103.83872","AvailableLots":197,"LotType":"C","Agency":"LTA"},{"CarParkID":"7","Area":"Orchard","Development":"Orchard Point","Location":"1.30135 103.84061","AvailableLots":200,"LotType":"C","Agency":"LTA"},{"CarParkID":"22","Area":"Orchard","Development":"Concorde Hotel","Location":"1.3006 103.84191","AvailableLots":244,"LotType":"C","Agency":"LTA"},{"CarParkID":"9","Area":"Orchard","Development":"Plaza Singapura","Location":"1.30103 103.84503","AvailableLots":648,"LotType":"C","Agency":"LTA"},{"CarParkID":"10","Area":"Orchard","Development":"The Cathay","Location":"1.2995 103.84762","AvailableLots":196,"LotType":"C","Agency":"LTA"},{"CarParkID":"23","Area":"Orchard","Development":"ION Orchard","Location":"1.30403 103.83206","AvailableLots":446,"LotType":"C","Agency":"LTA"},{"CarParkID":"14","Area":"Orchard","Development":"Wisma Atria","Location":"1.30366 103.83327","AvailableLots":290,"LotType":"C","Agency":"LTA"},{"CarParkID":"8","Area":"Orchard","Development":"The Heeren","Location":"1.30255 103.83739","AvailableLots":152,"LotType":"C","Agency":"LTA"},{"CarParkID":"26","Area":"Harbfront","Development":"Resorts World Sentosa","Location":"1.25667 103.82012","AvailableLots":2595,"LotType":"C","Agency":"LTA"},{"CarParkID":"27","Area":"Orchard","Development":"Orchard Central","Location":"1.30072 103.83979","AvailableLots":230,"LotType":"C","Agency":"LTA"},{"CarParkID":"29","Area":"Marina","Development":"Marina Bay Sands","Location":"1.28225028515239 103.858300275795","AvailableLots":860,"LotType":"C","Agency":"LTA"},{"CarParkID":"43","Area":"JurongLakeDistrict","Development":"Westgate","Location":"1.3343 103.74282","AvailableLots":491,"LotType":"C","Agency":"LTA"},{"CarParkID":"52","Area":"Orchard","Development":"Orchard Gateway","Location":"1.30048 103.83931","AvailableLots":246,"LotType":"C","Agency":"LTA"},{"CarParkID":"53","Area":"JurongLakeDistrict","Development":"IMM Building","Location":"1.334847 103.746815","AvailableLots":1227,"LotType":"C","Agency":"LTA"},{"CarParkID":"54","Area":"JurongLakeDistrict","Development":"JCube","Location":"1.33341 103.740088","AvailableLots":207,"LotType":"C","Agency":"LTA"},{"CarParkID":"55","Area":"Orchard","Development":"Paragon","Location":"1.3038 103.83585","AvailableLots":410,"LotType":"C","Agency":"LTA"},{"CarParkID":"56","Area":"Marina","Development":"National Gallery","Location":"1.29027 103.85167","AvailableLots":213,"LotType":"C","Agency":"LTA"},{"CarParkID":"57","Area":"Orchard","Development":"The Atrium@Orchard","Location":"1.299781 103.84552","AvailableLots":95,"LotType":"C","Agency":"LTA"},{"CarParkID":"58","Area":"Others","Development":"Bukit Panjang Plaza","Location":"1.37974 103.7644","AvailableLots":313,"LotType":"C","Agency":"LTA"},{"CarParkID":"59","Area":"Others","Development":"Clarke Quay","Location":"1.290678 103.84648","AvailableLots":381,"LotType":"C","Agency":"LTA"},{"CarParkID":"60","Area":"Others","Development":"The Star Vista","Location":"1.306787 103.78843","AvailableLots":768,"LotType":"C","Agency":"LTA"},{"CarParkID":"61","Area":"Others","Development":"Bugis+","Location":"1.299748 103.85414","AvailableLots":300,"LotType":"C","Agency":"LTA"},{"CarParkID":"62","Area":"Others","Development":"Lot One","Location":"1.385126 103.74494","AvailableLots":299,"LotType":"C","Agency":"LTA"},{"CarParkID":"63","Area":"Others","Development":"Tampines Mall","Location":"1.352524 103.9447","AvailableLots":614,"LotType":"C","Agency":"LTA"},{"CarParkID":"64","Area":"Others","Development":"Junction 8","Location":"1.350521 103.84859","AvailableLots":281,"LotType":"C","Agency":"LTA"},{"CarParkID":"65","Area":"Others","Development":"Bedok Mall","Location":"1.3248 103.92939","AvailableLots":245,"LotType":"C","Agency":"LTA"},{"CarParkID":"66","Area":"Others","Development":"Funan Mall","Location":"1.2911 103.8502","AvailableLots":367,"LotType":"C","Agency":"LTA"},{"CarParkID":"A0007","Area":"","Development":"ANGULLIA PARK OFF STREET","Location":"1.3053280313212745 103.82957069514487","AvailableLots":252,"LotType":"C","Agency":"URA"},{"CarParkID":"A0007","Area":"","Development":"ANGULLIA PARK OFF STREET","Location":"1.3053280313212745 103.82957069514487","AvailableLots":0,"LotType":"Y","Agency":"URA"},{"CarParkID":"A0011","Area":"","Development":"ARMENIAN STREET OFF STREET","Location":"1.2939260442319098 103.84886606187928","AvailableLots":52,"LotType":"C","Agency":"URA"},{"CarParkID":"A0021","Area":"","Development":"AMOY STREET OFF STREET","Location":"1.280790422979401 103.84717734239698","AvailableLots":0,"LotType":"C","Agency":"URA"},{"CarParkID":"A0024","Area":"","Development":"ADAM ROAD FOOD CENTRE OFF STREET","Location":"1.3241651253846303 103.81389905715554","AvailableLots":73,"LotType":"C","Agency":"URA"},{"CarParkID":"A0035","Area":"","Development":"ANTHONY ROAD OFF STREET","Location":"1.3102963501645515 103.83689301744363","AvailableLots":49,"LotType":"C","Agency":"URA"},{"CarParkID":"A0046","Area":"","Development":"ALJUNIED ROAD OFF STREET","Location":"1.3138928367737375 103.88178819343076","AvailableLots":5,"LotType":"C","Agency":"URA"},{"CarParkID":"B0031","Area":"","Development":"BEATTY ROAD OFF STREET","Location":"1.31411103114537 103.85960539693774","AvailableLots":5,"LotType":"C","Agency":"URA"},{"CarParkID":"B0032","Area":"","Development":"BUKIT TIMAH MARKET OFF STREET","Location":"1.3390889296394692 103.77639634689159","AvailableLots":104,"LotType":"C","Agency":"URA"},{"CarParkID":"B0063","Area":"","Development":"BUKIT BATOK NATURE PARK OFF STREET","Location":"1.3473952305359211 103.76148104730633","AvailableLots":72,"LotType":"C","Agency":"URA"},{"CarParkID":"B0087","Area":"","Development":"BAGHDAD STREET OFF STREET","Location":"1.3013034071461544 103.86037519945218","AvailableLots":3,"LotType":"C","Agency":"URA"},{"CarParkID":"B0088","Area":"","Development":"BEDOK ROAD FOOD CENTRE OFF STREET","Location":"1.320882494257288 103.95521451777431","AvailableLots":100,"LotType":"C","Agency":"URA"},{"CarParkID":"B0096","Area":"","Development":"BUKIT TIMAH LINK OFF STREET","Location":"1.3413345543964925 103.7768692104473","AvailableLots":22,"LotType":"C","Agency":"URA"},{"CarParkID":"C0119","Area":"","Development":"CEYLON ROAD OFF STREET","Location":"1.3098549757016427 103.89943305397595","AvailableLots":22,"LotType":"C","Agency":"URA"},{"CarParkID":"C0133","Area":"","Development":"CARPENTER STREET OFF STREET","Location":"1.288265760877135 103.84818289117743","AvailableLots":72,"LotType":"C","Agency":"URA"},{"CarParkID":"C0148","Area":"","Development":"CLEMENCEAU AVENUE NORTH (NEWTON FC)","Location":"1.3110998019417506 103.83975443423321","AvailableLots":220,"LotType":"C","Agency":"URA"},{"CarParkID":"C0162","Area":"","Development":"CLEMENCEAU AVENUE OFF STREET","Location":"1.2939732461823374 103.84451675349408","AvailableLots":15,"LotType":"C","Agency":"URA"},{"CarParkID":"C0162","Area":"","Development":"CLEMENCEAU AVENUE OFF STREET","Location":"1.2939732461823374 103.84451675349408","AvailableLots":0,"LotType":"Y","Agency":"URA"},{"CarParkID":"D0006","Area":"","Development":"DUXTON HILL OFF STREET","Location":"1.279121361423107 103.84307668605454","AvailableLots":52,"LotType":"C","Agency":"URA"},{"CarParkID":"D0026","Area":"","Development":"DICKSON ROAD OFF STREET","Location":"1.3058961275027456 103.85356732694179","AvailableLots":6,"LotType":"Y","Agency":"URA"},{"CarParkID":"D0026","Area":"","Development":"DICKSON ROAD OFF STREET","Location":"1.3058961275027456 103.85356732694179","AvailableLots":18,"LotType":"C","Agency":"URA"},{"CarParkID":"D0028","Area":"","Development":"DELTA CIRCUS FRINGE CAR PARK","Location":"1.2893051001281517 103.82465436208551","AvailableLots":170,"LotType":"C","Agency":"URA"},{"CarParkID":"E0023","Area":"","Development":"EAST COAST PARK E3 OFF STREET","Location":"1.3086487746583644 103.9362443048082","AvailableLots":0,"LotType":"C","Agency":"URA"},{"CarParkID":"E0023","Area":"","Development":"EAST COAST PARK E3 OFF STREET","Location":"1.3086487746583644 103.9362443048082","AvailableLots":0,"LotType":"Y","Agency":"URA"},{"CarParkID":"E0024","Area":"","Development":"EAST COAST PARK E2 OFF STREET","Location":"1.3073484560087358 103.93582213910925","AvailableLots":0,"LotType":"Y","Agency":"URA"},{"CarParkID":"E0024","Area":"","Development":"EAST COAST PARK E2 OFF STREET","Location":"1.3073484560087358 103.93582213910925","AvailableLots":311,"LotType":"C","Agency":"URA"},{"CarParkID":"E0027","Area":"","Development":"EAST COAST PARK E1 OFF STREET","Location":"1.306893520703497 103.92999292150216","AvailableLots":449,"LotType":"C","Agency":"URA"},{"CarParkID":"E0027","Area":"","Development":"EAST COAST PARK E1 OFF STREET","Location":"1.306893520703497 103.92999292150216","AvailableLots":0,"LotType":"Y","Agency":"URA"},{"CarParkID":"H0003","Area":"","Development":"HAMILTON ROAD OFF STREET","Location":"1.3116896699384313 103.86174541990424","AvailableLots":15,"LotType":"C","Agency":"URA"},{"CarParkID":"H0004","Area":"","Development":"HOLLAND DR-NORTH BOUNA VISTA RD OFF STREET","Location":"1.3119377259846055 103.79266055694676","AvailableLots":84,"LotType":"C","Agency":"URA"},{"CarParkID":"H0011","Area":"","Development":"HOLLAND DRIVE OFF STREET","Location":"1.3106947374214337 103.79320773289525","AvailableLots":250,"LotType":"C","Agency":"URA"},{"CarParkID":"H0015","Area":"","Development":"HINDOO ROAD OFF STREET","Location":"1.3085901317745132 103.85406595189491","AvailableLots":2,"LotType":"C","Agency":"URA"},{"CarParkID":"H0022","Area":"","Development":"HULLET ROAD OFF STREET","Location":"1.3032004091309377 103.83904302350693","AvailableLots":18,"LotType":"C","Agency":"URA"},{"CarParkID":"H0024","Area":"","Development":"HONG LIM PARK OFF STREET","Location":"1.2864010712092964 103.84732683484889","AvailableLots":21,"LotType":"C","Agency":"URA"},{"CarParkID":"H0057","Area":"","Development":"HINDOO ROAD-KAMPONG KAPOR ROAD OFF STREET","Location":"1.307959413362438 103.85449803048786","AvailableLots":12,"LotType":"C","Agency":"URA"},{"CarParkID":"J0017","Area":"","Development":"JOO CHIAT ROAD OFF STREET","Location":"1.3089312793016843 103.90342597378925","AvailableLots":29,"LotType":"Y","Agency":"URA"},{"CarParkID":"J0017","Area":"","Development":"JOO CHIAT ROAD OFF STREET","Location":"1.3089312793016843 103.90342597378925","AvailableLots":58,"LotType":"C","Agency":"URA"},{"CarParkID":"J0055","Area":"","Development":"JALAN SEH CHUAN OFF STREET","Location":"1.3416072968226134 103.774983522264","AvailableLots":109,"LotType":"C","Agency":"URA"},{"CarParkID":"J0092","Area":"","Development":"JALAN KURAS OFF STREET","Location":"1.3733164289278814 103.82902743813321","AvailableLots":57,"LotType":"C","Agency":"URA"},{"CarParkID":"J0100","Area":"","Development":"JALAN PELEPAH OFF STREET","Location":"1.2740710679512592 103.79551529813891","AvailableLots":25,"LotType":"C","Agency":"URA"},{"CarParkID":"J0100","Area":"","Development":"JALAN PELEPAH OFF STREET","Location":"1.2740710679512592 103.79551529813891","AvailableLots":0,"LotType":"Y","Agency":"URA"},{"CarParkID":"J0122","Area":"","Development":"JALAN KAYU OFF STREET","Location":"1.3988702481648212 103.87298020876878","AvailableLots":195,"LotType":"C","Agency":"URA"},{"CarParkID":"K0037","Area":"","Development":"KING GEORGES AVENUE OFF STREET","Location":"1.3102875316446452 103.86155503310928","AvailableLots":22,"LotType":"C","Agency":"URA"},{"CarParkID":"K0039","Area":"","Development":"KING GEORGES AVENUE- HORNE ROAD OFF STREET","Location":"1.310011717603521 103.86195254067123","AvailableLots":55,"LotType":"C","Agency":"URA"},{"CarParkID":"K0082","Area":"","Development":"KAMPONG BUGIS OFF STREET","Location":"1.3060643999336945 103.86731520521826","AvailableLots":18,"LotType":"C","Agency":"URA"},{"CarParkID":"K0082","Area":"","Development":"KAMPONG BUGIS OFF STREET","Location":"1.3060643999336945 103.86731520521826","AvailableLots":5,"LotType":"Y","Agency":"URA"},{"CarParkID":"K0111","Area":"","Development":"KINTA ROAD OFF STREET","Location":"1.309743436667126 103.8532569434198","AvailableLots":78,"LotType":"C","Agency":"URA"},{"CarParkID":"K0111","Area":"","Development":"KINTA ROAD OFF STREET","Location":"1.309743436667126 103.8532569434198","AvailableLots":7,"LotType":"Y","Agency":"URA"},{"CarParkID":"K0121","Area":"","Development":"KAMPONG KAPOR ROAD OFF STREET","Location":"1.306579163961294 103.8540518138273","AvailableLots":5,"LotType":"Y","Agency":"URA"},{"CarParkID":"K0121","Area":"","Development":"KAMPONG KAPOR ROAD OFF STREET","Location":"1.306579163961294 103.8540518138273","AvailableLots":18,"LotType":"C","Agency":"URA"},{"CarParkID":"L0064","Area":"","Development":"LORONG 21 GEYLANG OFF STREET","Location":"1.3138418922590445 103.87984207773486","AvailableLots":13,"LotType":"C","Agency":"URA"},{"CarParkID":"L0078","Area":"","Development":"LORONG MYDIN OFF STREET","Location":"1.3191579615926596 103.91187813269345","AvailableLots":2,"LotType":"C","Agency":"URA"},{"CarParkID":"L0078","Area":"","Development":"LORONG MYDIN OFF STREET","Location":"1.3191579615926596 103.91187813269345","AvailableLots":7,"LotType":"Y","Agency":"URA"},{"CarParkID":"L0104","Area":"","Development":"LORONG BEKUKONG OFF STREET","Location":"1.3902114129018883 103.98732091158162","AvailableLots":156,"LotType":"C","Agency":"URA"},{"CarParkID":"L0104","Area":"","Development":"LORONG BEKUKONG OFF STREET","Location":"1.3902114129018883 103.98732091158162","AvailableLots":8,"LotType":"Y","Agency":"URA"},{"CarParkID":"L0107","Area":"","Development":"LORONG BACHOK OFF STREET","Location":"1.3137312534590921 103.879441454655","AvailableLots":11,"LotType":"C","Agency":"URA"},{"CarParkID":"L0116","Area":"","Development":"LORONG 21 GEYLANG - GEYLANG ROAD OFF ST","Location":"1.31297192802134 103.88051592242522","AvailableLots":10,"LotType":"C","Agency":"URA"},{"CarParkID":"L0117","Area":"","Development":"LORONG 25-25A GEYLANG OFF STREET","Location":"1.3154114085899413 103.88282913196923","AvailableLots":0,"LotType":"C","Agency":"URA"},{"CarParkID":"L0117","Area":"","Development":"LORONG 25-25A GEYLANG OFF STREET","Location":"1.3154114085899413 103.88282913196923","AvailableLots":20,"LotType":"Y","Agency":"URA"},{"CarParkID":"L0123","Area":"","Development":"LORONG 9-11 GEYLANG OFF STREET","Location":"1.3132431536109048 103.87646592168618","AvailableLots":1,"LotType":"Y","Agency":"URA"},{"CarParkID":"L0123","Area":"","Development":"LORONG 9-11 GEYLANG OFF STREET","Location":"1.3132431536109048 103.87646592168618","AvailableLots":38,"LotType":"C","Agency":"URA"},{"CarParkID":"L0124","Area":"","Development":"LORONG 37 GEYLANG OFF STREET","Location":"1.315091678312372 103.88943334952766","AvailableLots":17,"LotType":"Y","Agency":"URA"},{"CarParkID":"L0124","Area":"","Development":"LORONG 37 GEYLANG OFF STREET","Location":"1.315091678312372 103.88943334952766","AvailableLots":9,"LotType":"C","Agency":"URA"},{"CarParkID":"L0125","Area":"","Development":"LORONG 31 GEYLANG OFF STREET","Location":"1.3150474541189423 103.88714181973822","AvailableLots":42,"LotType":"C","Agency":"URA"},{"CarParkID":"L0125","Area":"","Development":"LORONG 31 GEYLANG OFF STREET","Location":"1.3150474541189423 103.88714181973822","AvailableLots":21,"LotType":"Y","Agency":"URA"},{"CarParkID":"M0040","Area":"","Development":"MACKENZIE ROAD A OFF STREET","Location":"1.305166862591867 103.84955574725188","AvailableLots":99,"LotType":"C","Agency":"URA"},{"CarParkID":"M0059","Area":"","Development":"MACKENZIE ROAD B OFF STREET","Location":"1.3058536755285977 103.8475647241317","AvailableLots":47,"LotType":"H","Agency":"URA"},{"CarParkID":"M0059","Area":"","Development":"MACKENZIE ROAD B OFF STREET","Location":"1.3058536755285977 103.8475647241317","AvailableLots":79,"LotType":"C","Agency":"URA"},{"CarParkID":"M0076","Area":"","Development":"MINBU ROAD OFF STREET","Location":"1.3252001004070917 103.84890841545035","AvailableLots":7,"LotType":"Y","Agency":"URA"},{"CarParkID":"M0076","Area":"","Development":"MINBU ROAD OFF STREET","Location":"1.3252001004070917 103.84890841545035","AvailableLots":92,"LotType":"C","Agency":"URA"},{"CarParkID":"M0078","Area":"","Development":"MARITIME SQUARE D OFF STREET","Location":"1.2665572188609842 103.82037098540381","AvailableLots":192,"LotType":"C","Agency":"URA"},{"CarParkID":"M0078","Area":"","Development":"MARITIME SQUARE D OFF STREET","Location":"1.2665572188609842 103.82037098540381","AvailableLots":235,"LotType":"Y","Agency":"URA"},{"CarParkID":"M0084","Area":"","Development":"MARINA VIEW OFF STREET","Location":"1.2746496875172093 103.84947277096812","AvailableLots":41,"LotType":"C","Agency":"URA"},{"CarParkID":"M0088","Area":"","Development":"MARGARET DRIVE OFF STREET","Location":"1.3004199971190697 103.80301640122015","AvailableLots":48,"LotType":"C","Agency":"URA"},{"CarParkID":"N0006","Area":"","Development":"NEIL ROAD OFF STREET","Location":"1.2793383109971352 103.84191274173004","AvailableLots":8,"LotType":"C","Agency":"URA"},{"CarParkID":"N0012","Area":"","Development":"NORTH BRIDGE ROAD MARKET OFF STREET","Location":"1.3060825735308885 103.86355580061468","AvailableLots":56,"LotType":"C","Agency":"URA"},{"CarParkID":"N0013","Area":"","Development":"NORTH BRIDGE ROAD OFF  STREET","Location":"1.3004003577425078 103.8566466267615","AvailableLots":83,"LotType":"C","Agency":"URA"},{"CarParkID":"O0028","Area":"","Development":"OUTRAM ROAD OFF STREET","Location":"1.284380404146159 103.83543041047004","AvailableLots":19,"LotType":"C","Agency":"URA"},{"CarParkID":"O0028","Area":"","Development":"OUTRAM ROAD OFF STREET","Location":"1.284380404146159 103.83543041047004","AvailableLots":0,"LotType":"Y","Agency":"URA"},{"CarParkID":"P0013","Area":"","Development":"PRINCE EDWARD ROAD - SHENTON WAY OFF STREET","Location":"1.2751330286026683 103.84819161939349","AvailableLots":83,"LotType":"C","Agency":"URA"},{"CarParkID":"P0033","Area":"","Development":"PASIR RIS CLOSE OFF STREET","Location":"1.3769386098723717 103.95649247971937","AvailableLots":195,"LotType":"C","Agency":"URA"},{"CarParkID":"P0048","Area":"","Development":"PEARL BANK OFF STREET","Location":"1.2833483597834672 103.84053784909122","AvailableLots":0,"LotType":"Y","Agency":"URA"},{"CarParkID":"P0048","Area":"","Development":"PEARL BANK OFF STREET","Location":"1.2833483597834672 103.84053784909122","AvailableLots":18,"LotType":"C","Agency":"URA"},{"CarParkID":"P0054","Area":"","Development":"PASIR PANJANG FOOD CENTRE OFF STREET","Location":"1.276199590285395 103.79131016138153","AvailableLots":0,"LotType":"Y","Agency":"URA"},{"CarParkID":"P0054","Area":"","Development":"PASIR PANJANG FOOD CENTRE OFF STREET","Location":"1.276199590285395 103.79131016138153","AvailableLots":27,"LotType":"C","Agency":"URA"},{"CarParkID":"P0075","Area":"","Development":"PENHAS ROAD - LAVENDER STREET OFF STREET","Location":"1.3099941806456645 103.86276472942548","AvailableLots":27,"LotType":"C","Agency":"URA"},{"CarParkID":"P0093","Area":"","Development":"PASIR PANJANG ROAD OFF  STREET","Location":"1.2767043723268199 103.79566016940372","AvailableLots":19,"LotType":"C","Agency":"URA"},{"CarParkID":"P0094","Area":"","Development":"PASIR PANJANG ROAD - SOUTH BUONA VISTA ROAD","Location":"1.278902209141637 103.78560248250301","AvailableLots":0,"LotType":"Y","Agency":"URA"},{"CarParkID":"P0094","Area":"","Development":"PASIR PANJANG ROAD - SOUTH BUONA VISTA ROAD","Location":"1.278902209141637 103.78560248250301","AvailableLots":23,"LotType":"C","Agency":"URA"},{"CarParkID":"P0096","Area":"","Development":"PENANG ROAD OFF STREET","Location":"1.29980874920638 103.84212527391578","AvailableLots":8,"LotType":"C","Agency":"URA"},{"CarParkID":"P0106","Area":"","Development":"PASIR PANJANG ROAD- CLEMENTI ROAD OFF ST","Location":"1.2915978691049539 103.76812504370315","AvailableLots":39,"LotType":"C","Agency":"URA"},{"CarParkID":"P0106","Area":"","Development":"PASIR PANJANG ROAD- CLEMENTI ROAD OFF ST","Location":"1.2915978691049539 103.76812504370315","AvailableLots":0,"LotType":"Y","Agency":"URA"},{"CarParkID":"P0109","Area":"","Development":"PASIR RIS PARK CAR PARK E OFF STREET","Location":"1.3845964153673076 103.94389307173311","AvailableLots":23,"LotType":"C","Agency":"URA"},{"CarParkID":"P0111","Area":"","Development":"PAHANG STREET OFF STREET","Location":"1.301759650174214 103.86086565472472","AvailableLots":12,"LotType":"C","Agency":"URA"},{"CarParkID":"P0113","Area":"","Development":"PASIR PANJANG FOOD CENTRE (TEMP) OFF ST","Location":"1.2753574846084121 103.79247441821592","AvailableLots":0,"LotType":"Y","Agency":"URA"},{"CarParkID":"P0113","Area":"","Development":"PASIR PANJANG FOOD CENTRE (TEMP) OFF ST","Location":"1.2753574846084121 103.79247441821592","AvailableLots":60,"LotType":"C","Agency":"URA"},{"CarParkID":"P0117","Area":"","Development":"PECK SEAH STREET OFF STREET","Location":"1.2774732980424977 103.84526725219939","AvailableLots":0,"LotType":"Y","Agency":"URA"},{"CarParkID":"P0117","Area":"","Development":"PECK SEAH STREET OFF STREET","Location":"1.2774732980424977 103.84526725219939","AvailableLots":74,"LotType":"C","Agency":"URA"},{"CarParkID":"Q0006","Area":"","Development":"QUEEN STREET OFF STREET","Location":"1.2999226816586922 103.85336325926622","AvailableLots":0,"LotType":"Y","Agency":"URA"},{"CarParkID":"Q0006","Area":"","Development":"QUEEN STREET OFF STREET","Location":"1.2999226816586922 103.85336325926622","AvailableLots":0,"LotType":"C","Agency":"URA"},{"CarParkID":"Q0008","Area":"","Development":"QUEENSWAY OFF STREET ( RIDEOUT TEA GARDEN)","Location":"1.304678940975563 103.80216512483725","AvailableLots":66,"LotType":"C","Agency":"URA"},{"CarParkID":"S0020","Area":"","Development":"SEMBAWANG HILLS FOOD CENTRE OFF STREET","Location":"1.3722654677464599 103.8288231857784","AvailableLots":16,"LotType":"C","Agency":"URA"},{"CarParkID":"S0049","Area":"","Development":"Serangoon Rd-Lavender  St Off Street","Location":"1.3148874577182357 103.8585875713976","AvailableLots":5,"LotType":"Y","Agency":"URA"},{"CarParkID":"S0049","Area":"","Development":"Serangoon Rd-Lavender  St Off Street","Location":"1.3148874577182357 103.8585875713976","AvailableLots":110,"LotType":"C","Agency":"URA"},{"CarParkID":"S0055","Area":"","Development":"SERANGOON GARDEN MARKET OFF STREET","Location":"1.3627998667047532 103.86632587825486","AvailableLots":92,"LotType":"C","Agency":"URA"},{"CarParkID":"S0106","Area":"","Development":"SIN MING DRIVE OFF STREET","Location":"1.3566926857648622 103.83606317799318","AvailableLots":60,"LotType":"C","Agency":"URA"},{"CarParkID":"S0108","Area":"","Development":"SHREWSBURY ROAD OFF STREET","Location":"1.3186024746953806 103.85067798545586","AvailableLots":3,"LotType":"Y","Agency":"URA"},{"CarParkID":"S0108","Area":"","Development":"SHREWSBURY ROAD OFF STREET","Location":"1.3186024746953806 103.85067798545586","AvailableLots":24,"LotType":"C","Agency":"URA"},{"CarParkID":"S0112","Area":"","Development":"SEAH IM ROAD OFF STREET","Location":"1.2680395173231764 103.81759598210823","AvailableLots":397,"LotType":"C","Agency":"URA"},{"CarParkID":"S0112","Area":"","Development":"SEAH IM ROAD OFF STREET","Location":"1.2680395173231764 103.81759598210823","AvailableLots":372,"LotType":"Y","Agency":"URA"},{"CarParkID":"S0150","Area":"","Development":"SULTAN GATE - ALIWAL STREET OFF STREET","Location":"1.3024545607005944 103.86058819582028","AvailableLots":21,"LotType":"C","Agency":"URA"},{"CarParkID":"S0166","Area":"","Development":"SEMBAWANG RD-ADMIRALTY  RD EAST OFF STREET","Location":"1.453699410782659 103.83314342266785","AvailableLots":37,"LotType":"C","Agency":"URA"},{"CarParkID":"S0166","Area":"","Development":"SEMBAWANG RD-ADMIRALTY  RD EAST OFF STREET","Location":"1.453699410782659 103.83314342266785","AvailableLots":2,"LotType":"Y","Agency":"URA"},{"CarParkID":"S0171","Area":"","Development":"SPOONER ROAD OFF STREET","Location":"1.2756889219219043 103.8350591496928","AvailableLots":90,"LotType":"C","Agency":"URA"},{"CarParkID":"T0017","Area":"","Development":"TIONG BAHRU PARK OFF STREET","Location":"1.2869316650017533 103.82464089829915","AvailableLots":20,"LotType":"C","Agency":"URA"},{"CarParkID":"T0103","Area":"","Development":"TEMBELING ROAD OFF STREET","Location":"1.3128601116279206 103.90081283677726","AvailableLots":155,"LotType":"C","Agency":"URA"},{"CarParkID":"T0103","Area":"","Development":"TEMBELING ROAD OFF STREET","Location":"1.3128601116279206 103.90081283677726","AvailableLots":35,"LotType":"Y","Agency":"URA"},{"CarParkID":"T0129","Area":"","Development":"TANJONG KATONG COMPLEX","Location":"1.3168901823921382 103.89522931567416","AvailableLots":364,"LotType":"C","Agency":"URA"},{"CarParkID":"T0140","Area":"","Development":"TANJONG KATONG ROAD OFF STREET","Location":"1.3068395612884625 103.89608109872438","AvailableLots":99,"LotType":"C","Agency":"URA"},{"CarParkID":"T0140","Area":"","Development":"TANJONG KATONG ROAD OFF STREET","Location":"1.3068395612884625 103.89608109872438","AvailableLots":13,"LotType":"Y","Agency":"URA"},{"CarParkID":"T0141","Area":"","Development":"TANJONG KATONG RD OFF ST (OPP WILKINSON RD)","Location":"1.3039250916354699 103.89688542898858","AvailableLots":7,"LotType":"Y","Agency":"URA"},{"CarParkID":"T0141","Area":"","Development":"TANJONG KATONG RD OFF ST (OPP WILKINSON RD)","Location":"1.3039250916354699 103.89688542898858","AvailableLots":34,"LotType":"C","Agency":"URA"},{"CarParkID":"U0036","Area":"","Development":"UPPER EAST COAST ROAD OFF STREET","Location":"1.3122387155540085 103.92605288490613","AvailableLots":51,"LotType":"C","Agency":"URA"},{"CarParkID":"U0042","Area":"","Development":"UPPER CHANGI ROAD - BEDOK ROAD OFF STREET","Location":"1.3321242011794179 103.9464677456276","AvailableLots":33,"LotType":"C","Agency":"URA"},{"CarParkID":"V0007","Area":"","Development":"VERDUN ROAD OFF STREET","Location":"1.310324224867271 103.85612855572867","AvailableLots":7,"LotType":"C","Agency":"URA"},{"CarParkID":"W0029","Area":"","Development":"WEST COAST PARK 1 OFF STREET","Location":"1.2896228087061794 103.77142607054463","AvailableLots":64,"LotType":"C","Agency":"URA"},{"CarParkID":"W0055","Area":"","Development":"WARNA ROAD OFF STREET","Location":"1.3110802058970243 103.79619690369877","AvailableLots":31,"LotType":"C","Agency":"URA"},{"CarParkID":"Y0019","Area":"","Development":"YAN KIT ROAD - CANTONMENT ROAD OFF ST","Location":"1.274548916040047 103.8414295793987","AvailableLots":15,"LotType":"C","Agency":"URA"},{"CarParkID":"Y0019","Area":"","Development":"YAN KIT ROAD - CANTONMENT ROAD OFF ST","Location":"1.274548916040047 103.8414295793987","AvailableLots":0,"LotType":"Y","Agency":"URA"},{"CarParkID":"A2","Area":"","Development":"BLK 206/207 ANG MO KIO STREET 22","Location":"1.366237056 103.8430464","AvailableLots":76,"LotType":"C","Agency":"HDB"},{"CarParkID":"A4","Area":"","Development":"BLK 217/220 ANG MO KIO AVENUE 1","Location":"1.365691621 103.8411922","AvailableLots":127,"LotType":"C","Agency":"HDB"},{"CarParkID":"A7","Area":"","Development":"BLK 212/213 ANG MO KIO STREET 23","Location":"1.368392487 103.8413018","AvailableLots":124,"LotType":"C","Agency":"HDB"},{"CarParkID":"A8","Area":"","Development":"BLK 209/210 ANG MO KIO STREET 22","Location":"1.368756071 103.8433077","AvailableLots":2,"LotType":"C","Agency":"HDB"},{"CarParkID":"A9","Area":"","Development":"BLK 202/203 ANG MO KIO STREET 22","Location":"1.36807437 103.8443922","AvailableLots":65,"LotType":"C","Agency":"HDB"},{"CarParkID":"B6","Area":"","Development":"BLK 204/209 NEW UPPER CHANGI ROAD","Location":"1.326330497 103.9303395","AvailableLots":452,"LotType":"C","Agency":"HDB"},{"CarParkID":"B7","Area":"","Development":"BLK 211/218 BEDOK NORTH STREET 1","Location":"1.32513124 103.9319217","AvailableLots":36,"LotType":"C","Agency":"HDB"},{"CarParkID":"B8","Area":"","Development":"BLK 201/203 BEDOK NORTH STREET 1","Location":"1.325881496 103.9282762","AvailableLots":40,"LotType":"C","Agency":"HDB"},{"CarParkID":"B9","Area":"","Development":"BLK 402/403 BEDOK NORTH AVENUE 3","Location":"1.330172709 103.9338152","AvailableLots":111,"LotType":"C","Agency":"HDB"},{"CarParkID":"C5","Area":"","Development":"BLK 358-360,362-363,366-367 CLEMENTI AVE 2","Location":"1.313102659 103.7695739","AvailableLots":260,"LotType":"C","Agency":"HDB"},{"CarParkID":"C5","Area":"","Development":"BLK 358-360,362-363,366-367 CLEMENTI AVE 2","Location":"1.313102659 103.7695739","AvailableLots":143,"LotType":"Y","Agency":"HDB"},{"CarParkID":"C5","Area":"","Development":"BLK 358-360,362-363,366-367 CLEMENTI AVE 2","Location":"1.313102659 103.7695739","AvailableLots":0,"LotType":"H","Agency":"HDB"},{"CarParkID":"C6","Area":"","Development":"BLK 328-334 CLEMENTI AVE 2","Location":"1.314488114 103.7676912","AvailableLots":102,"LotType":"C","Agency":"HDB"},{"CarParkID":"C7","Area":"","Development":"BLK 349-355 CLEMENTI AVE 2","Location":"1.314842819 103.7705785","AvailableLots":249,"LotType":"C","Agency":"HDB"},{"CarParkID":"C8","Area":"","Development":"BLK 335/338 CLEMENTI AVE 2","Location":"1.316674657 103.7686311","AvailableLots":175,"LotType":"C","Agency":"HDB"},{"CarParkID":"C9","Area":"","Development":"BLK 340/342/343/346-348 CLEMENTI AVE 5","Location":"1.317649249 103.7703123","AvailableLots":243,"LotType":"C","Agency":"HDB"},{"CarParkID":"C9","Area":"","Development":"BLK 340/342/343/346-348 CLEMENTI AVE 5","Location":"1.317649249 103.7703123","AvailableLots":88,"LotType":"Y","Agency":"HDB"},{"CarParkID":"C9","Area":"","Development":"BLK 340/342/343/346-348 CLEMENTI AVE 5","Location":"1.317649249 103.7703123","AvailableLots":0,"LotType":"H","Agency":"HDB"},{"CarParkID":"CY","Area":"","Development":"BLK 269/269A/269B CHENG YAN COURT CAR PARK","Location":"1.300626028 103.8536649","AvailableLots":10,"LotType":"C","Agency":"HDB"},{"CarParkID":"H3","Area":"","Development":"BLK 87 ZION RD","Location":"1.291008687 103.8325154","AvailableLots":53,"LotType":"Y","Agency":"HDB"},{"CarParkID":"H3","Area":"","Development":"BLK 87 ZION RD","Location":"1.291008687 103.8325154","AvailableLots":16,"LotType":"C","Agency":"HDB"},{"CarParkID":"H3","Area":"","Development":"BLK 87 ZION RD","Location":"1.291008687 103.8325154","AvailableLots":0,"LotType":"H","Agency":"HDB"},{"CarParkID":"H4","Area":"","Development":"BLK 22 HAVELOCK RD","Location":"1.288093897 103.8293714","AvailableLots":71,"LotType":"C","Agency":"HDB"},{"CarParkID":"H6","Area":"","Development":"BLK 77/79 GANGES AVENUE","Location":"1.291369664 103.8289836","AvailableLots":85,"LotType":"C","Agency":"HDB"},{"CarParkID":"H8","Area":"","Development":"BLKS 4-8 TAMAN HO SWEE","Location":"1.287726965 103.8309221","AvailableLots":51,"LotType":"Y","Agency":"HDB"},{"CarParkID":"H8","Area":"","Development":"BLKS 4-8 TAMAN HO SWEE","Location":"1.287726965 103.8309221","AvailableLots":0,"LotType":"H","Agency":"HDB"},{"CarParkID":"H8","Area":"","Development":"BLKS 4-8 TAMAN HO SWEE","Location":"1.287726965 103.8309221","AvailableLots":26,"LotType":"C","Agency":"HDB"},{"CarParkID":"J1","Area":"","Development":"BLK 101/107 JURONG EAST ST 13","Location":"1.336429723 103.7380983","AvailableLots":112,"LotType":"C","Agency":"HDB"},{"CarParkID":"J2","Area":"","Development":"BLK 108/110 JURONG EAST ST 13","Location":"1.33860776 103.7367713","AvailableLots":86,"LotType":"C","Agency":"HDB"},{"CarParkID":"J3","Area":"","Development":"BLK 111/116 JURONG EAST ST 13","Location":"1.339494837 103.7354848","AvailableLots":109,"LotType":"C","Agency":"HDB"},{"CarParkID":"J4","Area":"","Development":"BLK 201/206 JURONG EAST ST 21","Location":"1.337530169 103.7419026","AvailableLots":39,"LotType":"C","Agency":"HDB"},{"CarParkID":"J5","Area":"","Development":"BLK 207/208 JURONG EAST ST 21","Location":"1.338314475 103.7424182","AvailableLots":102,"LotType":"C","Agency":"HDB"},{"CarParkID":"J6","Area":"","Development":"BLK 209/214 JURONG EAST ST 21","Location":"1.3390681 103.7388514","AvailableLots":104,"LotType":"C","Agency":"HDB"},{"CarParkID":"J7","Area":"","Development":"BLK 215A/231 JURONG EAST ST 21","Location":"1.341543873 103.7380331","AvailableLots":329,"LotType":"C","Agency":"HDB"},{"CarParkID":"J8","Area":"","Development":"BLK 232/240 JURONG EAST ST 21","Location":"1.340430194 103.741574","AvailableLots":133,"LotType":"C","Agency":"HDB"},{"CarParkID":"J9","Area":"","Development":"BLK 241/245 JURONG EAST ST 24","Location":"1.342122435 103.7420009","AvailableLots":45,"LotType":"C","Agency":"HDB"},{"CarParkID":"K2","Area":"","Development":"BLK 9,10,12 PINE CLOSE","Location":"1.308736475 103.8823513","AvailableLots":38,"LotType":"Y","Agency":"HDB"},{"CarParkID":"K2","Area":"","Development":"BLK 9,10,12 PINE CLOSE","Location":"1.308736475 103.8823513","AvailableLots":0,"LotType":"H","Agency":"HDB"},{"CarParkID":"K2","Area":"","Development":"BLK 9,10,12 PINE CLOSE","Location":"1.308736475 103.8823513","AvailableLots":4,"LotType":"C","Agency":"HDB"},{"CarParkID":"K7","Area":"","Development":"BLK 51 OLD AIRPORT ROAD","Location":"1.308894519 103.8860169","AvailableLots":21,"LotType":"C","Agency":"HDB"},{"CarParkID":"L1","Area":"","Development":"BLK 415-420 LOR LEW LIAN","Location":"1.349505832 103.8753546","AvailableLots":25,"LotType":"C","Agency":"HDB"},{"CarParkID":"M1","Area":"","Development":"BLK 85 TO 94/92A PIPIT ROAD","Location":"1.323074781 103.8864364","AvailableLots":50,"LotType":"H","Agency":"HDB"},{"CarParkID":"M1","Area":"","Development":"BLK 85 TO 94/92A PIPIT ROAD","Location":"1.323074781 103.8864364","AvailableLots":44,"LotType":"Y","Agency":"HDB"},{"CarParkID":"M1","Area":"","Development":"BLK 85 TO 94/92A PIPIT ROAD","Location":"1.323074781 103.8864364","AvailableLots":226,"LotType":"C","Agency":"HDB"},{"CarParkID":"M3","Area":"","Development":"BLK 19 TO 21/23/24/30/32 BALAM RD","Location":"1.330680856 103.8857074","AvailableLots":18,"LotType":"C","Agency":"HDB"},{"CarParkID":"M4","Area":"","Development":"BLK 22/34/36 CIRCUIT RD","Location":"1.329022794 103.8876597","AvailableLots":167,"LotType":"C","Agency":"HDB"},{"CarParkID":"P1","Area":"","Development":"BLK 196 PUNGGOL FIELD","Location":"1.399325523 103.907016","AvailableLots":143,"LotType":"C","Agency":"HDB"},{"CarParkID":"P2","Area":"","Development":"BLK 199 PUNGGOL FIELD","Location":"1.400096829 103.9060155","AvailableLots":139,"LotType":"C","Agency":"HDB"},{"CarParkID":"P3","Area":"","Development":"BLK 101 PUNGGOL FIELD","Location":"1.398456837 103.9057745","AvailableLots":315,"LotType":"C","Agency":"HDB"},{"CarParkID":"P4","Area":"","Development":"BLK 105 EDGEFIELD PLAINS","Location":"1.397227162 103.9056229","AvailableLots":120,"LotType":"C","Agency":"HDB"},{"CarParkID":"P5","Area":"","Development":"BLK 107 PUNGGOL FIELD","Location":"1.396877555 103.9076419","AvailableLots":172,"LotType":"C","Agency":"HDB"},{"CarParkID":"P6","Area":"","Development":"BLK 109 PUNGGOL FIELD","Location":"1.395368569 103.9094623","AvailableLots":240,"LotType":"C","Agency":"HDB"},{"CarParkID":"P7","Area":"","Development":"BLK 119 EDGEFIELD PLAINS","Location":"1.395427967 103.9064702","AvailableLots":714,"LotType":"C","Agency":"HDB"},{"CarParkID":"P8","Area":"","Development":"BLK 126 EDGEDALE PLAINS","Location":"1.394228446 103.9109139","AvailableLots":167,"LotType":"C","Agency":"HDB"},{"CarParkID":"P9","Area":"","Development":"BLK 128 PUNGGOL FIELD WALK","Location":"1.392923918 103.9125375","AvailableLots":183,"LotType":"C","Agency":"HDB"},{"CarParkID":"Q8","Area":"","Development":"BLK 19/23A/23B QUEENS CLOSE","Location":"1.294206414 103.7995693","AvailableLots":49,"LotType":"Y","Agency":"HDB"},{"CarParkID":"Q8","Area":"","Development":"BLK 19/23A/23B QUEENS CLOSE","Location":"1.294206414 103.7995693","AvailableLots":0,"LotType":"H","Agency":"HDB"},{"CarParkID":"Q8","Area":"","Development":"BLK 19/23A/23B QUEENS CLOSE","Location":"1.294206414 103.7995693","AvailableLots":39,"LotType":"C","Agency":"HDB"},{"CarParkID":"T1","Area":"","Development":"BLK 101/108 TAMPINES ST 11","Location":"1.347395724 103.9462336","AvailableLots":169,"LotType":"C","Agency":"HDB"},{"CarParkID":"T3","Area":"","Development":"BLK 109/114 TAMPINES ST 11","Location":"1.346598132 103.9474328","AvailableLots":92,"LotType":"C","Agency":"HDB"},{"CarParkID":"T4","Area":"","Development":"BLK 124/127 TAMPINES STREET 11","Location":"1.345420018 103.9498142","AvailableLots":81,"LotType":"C","Agency":"HDB"},{"CarParkID":"T7","Area":"","Development":"BLK 136/138 TAMPINES ST 11","Location":"1.345469697 103.9458054","AvailableLots":81,"LotType":"C","Agency":"HDB"},{"CarParkID":"T8","Area":"","Development":"BLK 137/139 TAMPINES ST 11","Location":"1.346414231 103.9441901","AvailableLots":166,"LotType":"C","Agency":"HDB"},{"CarParkID":"T9","Area":"","Development":"BLK 140/148 TAMPINES STREET 12","Location":"1.347816332 103.9436467","AvailableLots":170,"LotType":"C","Agency":"HDB"},{"CarParkID":"U1","Area":"","Development":"BLK 101/110 BUKIT BATOK WEST AVE 6","Location":"1.348389703 103.7469815","AvailableLots":150,"LotType":"C","Agency":"HDB"},{"CarParkID":"U2","Area":"","Development":"BLK 111/132 BUKIT BATOK WEST AVE 6","Location":"1.349872484 103.7463093","AvailableLots":376,"LotType":"C","Agency":"HDB"},{"CarParkID":"U3","Area":"","Development":"BLK 133/139 BUKIT BATOK WEST AVENUE 6","Location":"1.351391957 103.7443516","AvailableLots":54,"LotType":"C","Agency":"HDB"},{"CarParkID":"U4","Area":"","Development":"BLK 140/143 BUKIT BATOK STREET 11","Location":"1.350653565 103.74322","AvailableLots":54,"LotType":"C","Agency":"HDB"},{"CarParkID":"U5","Area":"","Development":"BLK 144/149 BUKIT BATOK WEST AVENUE 6","Location":"1.350137241 103.7446779","AvailableLots":32,"LotType":"C","Agency":"HDB"},{"CarParkID":"U6","Area":"","Development":"BLK 150/158 BUKIT BATOK STREET 11","Location":"1.348029518 103.7441035","AvailableLots":58,"LotType":"C","Agency":"HDB"},{"CarParkID":"U7","Area":"","Development":"BLK 159/164 BUKIT BATOK STREET 11","Location":"1.348707664 103.7420927","AvailableLots":136,"LotType":"C","Agency":"HDB"},{"CarParkID":"U8","Area":"","Development":"BLK 165/168 BUKIT BATOK WEST AVENUE 8","Location":"1.347161979 103.7418946","AvailableLots":14,"LotType":"C","Agency":"HDB"},{"CarParkID":"U9","Area":"","Development":"BLK 169/177 BUKIT BATOK WEST AVENUE 8","Location":"1.345845573 103.7411926","AvailableLots":36,"LotType":"C","Agency":"HDB"},{"CarParkID":"W3","Area":"","Development":"BLK 4A/6A WOODLANDS CENTRE ROAD","Location":"1.4406995 103.7695026","AvailableLots":217,"LotType":"C","Agency":"HDB"},{"CarParkID":"W4","Area":"","Development":"BLK 6/7 MARSILING DRIVE","Location":"1.442458149 103.7767461","AvailableLots":43,"LotType":"C","Agency":"HDB"},{"CarParkID":"W5","Area":"","Development":"BLK 10/13 MARSILING LANE","Location":"1.440754097 103.7781943","AvailableLots":179,"LotType":"C","Agency":"HDB"},{"CarParkID":"W6","Area":"","Development":"BLK 15/16 MARSILING LANE","Location":"1.442102474 103.777954","AvailableLots":1,"LotType":"C","Agency":"HDB"},{"CarParkID":"W7","Area":"","Development":"BLK 17/21 MARSILING LANE","Location":"1.443136124 103.7776083","AvailableLots":41,"LotType":"C","Agency":"HDB"},{"CarParkID":"Y1","Area":"","Development":"BLK 101/102 YISHUN AVE 5","Location":"1.430844543 103.8280357","AvailableLots":99,"LotType":"C","Agency":"HDB"},{"CarParkID":"Y2","Area":"","Development":"BLK 103/111 YISHUN RING ROAD","Location":"1.432166554 103.8280589","AvailableLots":170,"LotType":"C","Agency":"HDB"},{"CarParkID":"Y3","Area":"","Development":"BLK 112/120 YISHUN RING ROAD","Location":"1.434711422 103.8288865","AvailableLots":77,"LotType":"C","Agency":"HDB"},{"CarParkID":"Y4","Area":"","Development":"BLK 121/143 YISHUN STREET 11/RING ROAD","Location":"1.434754103 103.8315408","AvailableLots":231,"LotType":"C","Agency":"HDB"},{"CarParkID":"Y5","Area":"","Development":"BLK 144/149 YISHUN STREET 11","Location":"1.431114532 103.8321076","AvailableLots":82,"LotType":"C","Agency":"HDB"},{"CarParkID":"Y6","Area":"","Development":"BLK 150/161 YISHUN STREET 11","Location":"1.432523042 103.8341941","AvailableLots":109,"LotType":"C","Agency":"HDB"},{"CarParkID":"Y7","Area":"","Development":"BLK 701/716 & 701B YISHUN AVENUE 5","Location":"1.427301818 103.8274505","AvailableLots":185,"LotType":"C","Agency":"HDB"},{"CarParkID":"Y8","Area":"","Development":"BLK 731/746 YISHUN STREET 71,72/AVENUE 5","Location":"1.429444919 103.8312781","AvailableLots":309,"LotType":"C","Agency":"HDB"},{"CarParkID":"Y9","Area":"","Development":"BLK 747/752 YISHUN STREET 72","Location":"1.427830914 103.8340126","AvailableLots":137,"LotType":"C","Agency":"HDB"},{"CarParkID":"A10","Area":"","Development":"BLK 201/202 ANG MO KIO STREET 22","Location":"1.368632982 103.844524","AvailableLots":26,"LotType":"C","Agency":"HDB"},{"CarParkID":"A11","Area":"","Development":"BLK 223/226/226A-226D ANG MO KIO ST 22","Location":"1.367035534 103.8381811","AvailableLots":151,"LotType":"C","Agency":"HDB"},{"CarParkID":"A12","Area":"","Development":"BLK 229/230 ANG MO KIO ST 22","Location":"1.368509827 103.8386753","AvailableLots":95,"LotType":"C","Agency":"HDB"},{"CarParkID":"A13","Area":"","Development":"BLK 232/233 ANG MO KIO ST 22","Location":"1.368000222 103.8368096","AvailableLots":95,"LotType":"C","Agency":"HDB"},{"CarParkID":"A15","Area":"","Development":"BLK 226E-226H ANG MO KIO ST 22","Location":"1.36696761 103.8404175","AvailableLots":36,"LotType":"C","Agency":"HDB"},{"CarParkID":"A20","Area":"","Development":"BLK 304/307/319 ANG MO KIO ST 31","Location":"1.364943381 103.8484571","AvailableLots":3,"LotType":"C","Agency":"HDB"},{"CarParkID":"A21","Area":"","Development":"BLK 325/326/301 ANG MO KIO STREET 31","Location":"1.368127559 103.8463132","AvailableLots":325,"LotType":"C","Agency":"HDB"},{"CarParkID":"A24","Area":"","Development":"BLK 338/340 ANG MO KIO ST 32","Location":"1.364753412 103.8493977","AvailableLots":144,"LotType":"C","Agency":"HDB"},{"CarParkID":"A25","Area":"","Development":"BLK 330/337 ANG MO KIO AVE 8","Location":"1.362769307 103.8516275","AvailableLots":220,"LotType":"C","Agency":"HDB"},{"CarParkID":"A26","Area":"","Development":"BLK 113/114/118 ANG MO KIO AVE 4","Location":"1.372770202 103.8354476","AvailableLots":134,"LotType":"C","Agency":"HDB"},{"CarParkID":"A27","Area":"","Development":"BLK 108/109/110 ANG MO KIO ST 11","Location":"1.370363052 103.8383207","AvailableLots":80,"LotType":"C","Agency":"HDB"},{"CarParkID":"A28","Area":"","Development":"BLK 103/105/107 ANG MO KIO ST 11","Location":"1.371649928 103.8374643","AvailableLots":14,"LotType":"C","Agency":"HDB"},{"CarParkID":"A29","Area":"","Development":"BLK 347 ANG MO KIO AVENUE 3","Location":"1.367361242 103.8487183","AvailableLots":203,"LotType":"C","Agency":"HDB"},{"CarParkID":"A30","Area":"","Development":"BLK 129/134 ANG MO KIO STREET 12","Location":"1.370989747 103.842419","AvailableLots":1,"LotType":"C","Agency":"HDB"},{"CarParkID":"A31","Area":"","Development":"BLK 119/128 ANG MO KIO ST 12","Location":"1.370451119 103.8436999","AvailableLots":66,"LotType":"C","Agency":"HDB"},{"CarParkID":"A33","Area":"","Development":"BLK 253/254 ANG MO KIO STREET 21","Location":"1.369886364 103.8345405","AvailableLots":0,"LotType":"C","Agency":"HDB"},{"CarParkID":"A34","Area":"","Development":"BLK 422/425 ANG MO KIO ST 42","Location":"1.368356473 103.8516674","AvailableLots":96,"LotType":"C","Agency":"HDB"},{"CarParkID":"A35","Area":"","Development":"BLK 426/428/435 ANG MO KIO ST 43","Location":"1.368646393 103.8540815","AvailableLots":214,"LotType":"C","Agency":"HDB"},{"CarParkID":"A36","Area":"","Development":"BLK 436/443/445 ANG MO KIO ST 43","Location":"1.366407128 103.8552788","AvailableLots":243,"LotType":"C","Agency":"HDB"},{"CarParkID":"A37","Area":"","Development":"BLK 446/449/453 ANG MO KIO ST 43","Location":"1.368113068 103.8555566","AvailableLots":125,"LotType":"C","Agency":"HDB"},{"CarParkID":"A38","Area":"","Development":"BLK 407/410/421 ANG MO KIO AVE 10","Location":"1.363963706 103.8545884","AvailableLots":431,"LotType":"C","Agency":"HDB"},{"CarParkID":"A39","Area":"","Development":"BLK 401/405 ANG MO KIO AVE 10","Location":"1.361151022 103.8540722","AvailableLots":36,"LotType":"C","Agency":"HDB"},{"CarParkID":"A40","Area":"","Development":"BLK 471/476 ANG MO KIO ST 44","Location":"1.362356151 103.8569821","AvailableLots":269,"LotType":"C","Agency":"HDB"},{"CarParkID":"A41","Area":"","Development":"BLK 466/470 ANG MO KIO ST 44","Location":"1.364936935 103.8569326","AvailableLots":104,"LotType":"C","Agency":"HDB"},{"CarParkID":"A42","Area":"","Development":"BLK 461/465 ANG MO KIO ST 44","Location":"1.366580182 103.8573639","AvailableLots":66,"LotType":"C","Agency":"HDB"},{"CarParkID":"A43","Area":"","Development":"BLK 457/458/460 ANG MO KIO ST 44","Location":"1.365996736 103.8592673","AvailableLots":0,"LotType":"C","Agency":"HDB"},{"CarParkID":"A44","Area":"","Development":"BLK 459/456 ANG MO KIO ST 44","Location":"1.367205743 103.8589905","AvailableLots":42,"LotType":"C","Agency":"HDB"},{"CarParkID":"A45","Area":"","Development":"BLK 570/578 ANG MO KIO ST 51","Location":"1.370917693 103.8552305","AvailableLots":181,"LotType":"C","Agency":"HDB"},{"CarParkID":"A47","Area":"","Development":"BLK 562/565/560 ANG MO KIO STREET 54","Location":"1.370558167 103.8592466","AvailableLots":100,"LotType":"C","Agency":"HDB"},{"CarParkID":"A48","Area":"","Development":"BLK 571/73 ANG MO KIO ST 51","Location":"1.370371281 103.8546523","AvailableLots":13,"LotType":"C","Agency":"HDB"},{"CarParkID":"A49","Area":"","Development":"BLK 555/559 ANG MO KIO STREET 54","Location":"1.371329606 103.8577971","AvailableLots":39,"LotType":"C","Agency":"HDB"},{"CarParkID":"A50","Area":"","Development":"BLK 548/552/556 ANG MO KIO STREET 54","Location":"1.372522464 103.8576096","AvailableLots":16,"LotType":"C","Agency":"HDB"},{"CarParkID":"A51","Area":"","Development":"BLK 252/253A ANG MO KIO STREET 21","Location":"1.369470739 103.8343753","AvailableLots":7,"LotType":"C","Agency":"HDB"},{"CarParkID":"A52","Area":"","Development":"BLK 701/716 ANG MO KIO AVE 3/6","Location":"1.370385433 103.8469225","AvailableLots":69,"LotType":"C","Agency":"HDB"},{"CarParkID":"A53","Area":"","Development":"BLK 712A ANG MO KIO AVE 3/6","Location":"1.370865023 103.8468773","AvailableLots":641,"LotType":"C","Agency":"HDB"},{"CarParkID":"A54","Area":"","Development":"BLK 727/728 ANG MO KIO AVE 6","Location":"1.372434359 103.8459154","AvailableLots":0,"LotType":"C","Agency":"HDB"},{"CarParkID":"A55","Area":"","Development":"BLK 729/730 ANG MO KIO AVE 6/8","Location":"1.373638536 103.8466669","AvailableLots":672,"LotType":"C","Agency":"HDB"},{"CarParkID":"A59","Area":"","Development":"BLK 547/551 ANG MO KIO ST 54","Location":"1.373896221 103.8581398","AvailableLots":11,"LotType":"C","Agency":"HDB"},{"CarParkID":"A60","Area":"","Development":"BLK 540/546 ANG MO KIO ST 54","Location":"1.374464495 103.8559134","AvailableLots":231,"LotType":"C","Agency":"HDB"},{"CarParkID":"A61","Area":"","Development":"BLK 520/534/529 ANG MO KIO AVE 5/10","Location":"1.374170446 103.85216","AvailableLots":591,"LotType":"C","Agency":"HDB"},{"CarParkID":"A63","Area":"","Development":"BLK 501/513/508 ANG MO KIO ST 52/53","Location":"1.375176821 103.8493957","AvailableLots":305,"LotType":"C","Agency":"HDB"},{"CarParkID":"A64","Area":"","Development":"BLK 584/586 ANG MO KIO ST 51","Location":"1.370506585 103.8534735","AvailableLots":28,"LotType":"C","Agency":"HDB"},{"CarParkID":"A65","Area":"","Development":"BLK 558/560 ANG MO KIO STREET 54","Location":"1.371029159 103.8594172","AvailableLots":42,"LotType":"C","Agency":"HDB"},{"CarParkID":"A66","Area":"","Development":"BLK 601/604/603 ANG MO KIO AVE 5","Location":"1.380544931 103.8356606","AvailableLots":14,"LotType":"C","Agency":"HDB"},{"CarParkID":"A67","Area":"","Development":"BLK 605/612 ANG MO KIO AVE 4/5","Location":"1.379686324 103.8378049","AvailableLots":284,"LotType":"C","Agency":"HDB"},{"CarParkID":"A68","Area":"","Development":"BLK 620/624/626 ANG MO KIO ST 61","Location":"1.381897619 103.8398542","AvailableLots":1,"LotType":"C","Agency":"HDB"},{"CarParkID":"A69","Area":"","Development":"BLK 623/625/627 ANG MO KIO ST 61","Location":"1.381641458 103.8419454","AvailableLots":326,"LotType":"C","Agency":"HDB"},{"CarParkID":"A70","Area":"","Development":"BLK 629/626 ANG MO KIO AVE 4","Location":"1.380620641 103.8401072","AvailableLots":102,"LotType":"C","Agency":"HDB"},{"CarParkID":"A71","Area":"","Development":"BLK 628/632 ANG MO KIO ST 61","Location":"1.380009094 103.8407419","AvailableLots":115,"LotType":"C","Agency":"HDB"},{"CarParkID":"A72","Area":"","Development":"BLK 633/640 ANG MO KIO ST 61","Location":"1.380760963 103.8435303","AvailableLots":156,"LotType":"C","Agency":"HDB"},{"CarParkID":"A73","Area":"","Development":"BLK 641/645 ANG MO KIO ST 61","Location":"1.378848189 103.8408247","AvailableLots":181,"LotType":"C","Agency":"HDB"},{"CarParkID":"A74","Area":"","Development":"BLK 646/649 ANG MO KIO ST 61","Location":"1.37865168 103.8438047","AvailableLots":27,"LotType":"C","Agency":"HDB"},{"CarParkID":"A75","Area":"","Development":"BLK 177/182 ANG MO KIO AVE 4","Location":"1.376086591 103.8385877","AvailableLots":150,"LotType":"C","Agency":"HDB"},{"CarParkID":"A76","Area":"","Development":"BLK 613A ANG MO KIO AVENUE 4","Location":"1.377977112 103.8388348","AvailableLots":552,"LotType":"C","Agency":"HDB"},{"CarParkID":"A77","Area":"","Development":"BLK 150/156 ANG MO KIO AVE 5","Location":"1.376251001 103.8399554","AvailableLots":78,"LotType":"C","Agency":"HDB"},{"CarParkID":"A78","Area":"","Development":"BLK 157/163 ANG MO KIO AVE 4","Location":"1.374648501 103.8383868","AvailableLots":415,"LotType":"C","Agency":"HDB"},{"CarParkID":"A81","Area":"","Development":"BLK 170/172 ANG MO KIO ST 13","Location":"1.374355553 103.8364788","AvailableLots":11,"LotType":"C","Agency":"HDB"},{"CarParkID":"A82","Area":"","Development":"BLK 173/176 ANG MO KIO AVE 4","Location":"1.375674922 103.8363987","AvailableLots":36,"LotType":"C","Agency":"HDB"},{"CarParkID":"A85","Area":"","Development":"BLK 340 ANG MO KIO ST 32","Location":"1.365107378 103.8497094","AvailableLots":89,"LotType":"C","Agency":"HDB"},{"CarParkID":"A87","Area":"","Development":"BLK 462/463 ANG MO KIO ST 44","Location":"1.366826359 103.8578842","AvailableLots":48,"LotType":"C","Agency":"HDB"},{"CarParkID":"A88","Area":"","Development":"BLK 348 ANG MO KIO AVE 3","Location":"1.366280716 103.8472665","AvailableLots":0,"LotType":"C","Agency":"HDB"},{"CarParkID":"A94","Area":"","Development":"BLK 104C ANG MO KIO STREET 11","Location":"1.371859827 103.838316","AvailableLots":109,"LotType":"C","Agency":"HDB"},{"CarParkID":"A98","Area":"","Development":"BLK 259 ANG MO KIO AVE 2","Location":"1.369164311 103.8318542","AvailableLots":47,"LotType":"C","Agency":"HDB"},{"CarParkID":"ACB","Area":"","Development":"BLK 270/271 ALBERT CENTRE BASEMENT CAR PARK","Location":"1.301063272 103.854118","AvailableLots":61,"LotType":"C","Agency":"HDB"},{"CarParkID":"ACM","Area":"","Development":"BLK 98A ALJUNIED CRESCENT","Location":"1.32100429 103.8850609","AvailableLots":65,"LotType":"Y","Agency":"HDB"},{"CarParkID":"ACM","Area":"","Development":"BLK 98A ALJUNIED CRESCENT","Location":"1.32100429 103.8850609","AvailableLots":0,"LotType":"H","Agency":"HDB"},{"CarParkID":"ACM","Area":"","Development":"BLK 98A ALJUNIED CRESCENT","Location":"1.32100429 103.8850609","AvailableLots":222,"LotType":"C","Agency":"HDB"},{"CarParkID":"AH1","Area":"","Development":"BLK 101 JALAN DUSUN","Location":"1.328283495 103.8446199","AvailableLots":128,"LotType":"C","Agency":"HDB"},{"CarParkID":"AR9","Area":"","Development":"BLK 20/22/23 DOVER CRESCENT","Location":"1.307284363 103.7834396","AvailableLots":12,"LotType":"Y","Agency":"HDB"},{"CarParkID":"AR9","Area":"","Development":"BLK 20/22/23 DOVER CRESCENT","Location":"1.307284363 103.7834396","AvailableLots":50,"LotType":"H","Agency":"HDB"},{"CarParkID":"AR9","Area":"","Development":"BLK 20/22/23 DOVER CRESCENT","Location":"1.307284363 103.7834396","AvailableLots":8,"LotType":"C","Agency":"HDB"},{"CarParkID":"AV1","Area":"","Development":"BLK 120/120A/121-127 ALEXANDRA VILLAGE","Location":"1.285582555 103.8032153","AvailableLots":0,"LotType":"C","Agency":"HDB"},{"CarParkID":"B10","Area":"","Development":"BLK 404/413 BEDOK NORTH AVENUE 3","Location":"1.329028331 103.9337077","AvailableLots":180,"LotType":"C","Agency":"HDB"},{"CarParkID":"B11","Area":"","Development":"BLK 416/418 BEDOK NORTH AVENUE 2","Location":"1.328342005 103.9303962","AvailableLots":410,"LotType":"C","Agency":"HDB"},{"CarParkID":"B14","Area":"","Development":"BLK 412/413 BEDOK NORTH AVENUE 2","Location":"1.329159093 103.9314451","AvailableLots":61,"LotType":"C","Agency":"HDB"},{"CarParkID":"B16","Area":"","Development":"BLK 32/63 BEDOK SOUTH AVENUE 2","Location":"1.323501118 103.9405595","AvailableLots":179,"LotType":"C","Agency":"HDB"},{"CarParkID":"B17","Area":"","Development":"BLK 52/57 NEW UPPER CHANGI ROAD","Location":"1.324217738 103.9418572","AvailableLots":174,"LotType":"C","Agency":"HDB"},{"CarParkID":"B19","Area":"","Development":"BLK 37/38/43/60 BEDOK SOUTH ROAD","Location":"1.321924546 103.940961","AvailableLots":447,"LotType":"C","Agency":"HDB"},{"CarParkID":"B20","Area":"","Development":"BLK 67/73 BEDOK SOUTH ROAD","Location":"1.319799714 103.9434204","AvailableLots":120,"LotType":"C","Agency":"HDB"},{"CarParkID":"B21","Area":"","Development":"BLK 74/82 BEDOK NORTH ROAD","Location":"1.328177963 103.9410465","AvailableLots":169,"LotType":"C","Agency":"HDB"},{"CarParkID":"B24","Area":"","Development":"BLK 84/89 BEDOK NORTH AVENUE 4","Location":"1.33264716 103.9382946","AvailableLots":25,"LotType":"C","Agency":"HDB"},{"CarParkID":"B25","Area":"","Development":"BLK 91/97 BEDOK NORTH AVENUE 4","Location":"1.332969119 103.9404903","AvailableLots":0,"LotType":"C","Agency":"HDB"},{"CarParkID":"B26","Area":"","Development":"BLK 98/100 BEDOK NORTH AVENUE 4","Location":"1.334307987 103.9403406","AvailableLots":64,"LotType":"C","Agency":"HDB"},{"CarParkID":"B27","Area":"","Development":"BLK 101/106 BEDOK NORTH AVENUE 4","Location":"1.334117747 103.9380381","AvailableLots":101,"LotType":"C","Agency":"HDB"},{"CarParkID":"B28","Area":"","Development":"BLK 107/110 BEDOK NORTH ROAD","Location":"1.33254479 103.9355711","AvailableLots":177,"LotType":"C","Agency":"HDB"},{"CarParkID":"B30","Area":"","Development":"BLK 119/123 BEDOK NORTH STREET 2","Location":"1.329942835 103.9387534","AvailableLots":79,"LotType":"C","Agency":"HDB"},{"CarParkID":"B31","Area":"","Development":"BLK 124/129 BEDOK NORTH STREET 2","Location":"1.328501234 103.9388502","AvailableLots":211,"LotType":"C","Agency":"HDB"},{"CarParkID":"B32","Area":"","Development":"BLK 130/132 BEDOK NORTH STREET 2","Location":"1.32741067 103.9367575","AvailableLots":44,"LotType":"C","Agency":"HDB"},{"CarParkID":"B33","Area":"","Development":"BLK 131/122 BEDOK NORTH AVENUE 3","Location":"1.327240858 103.9358002","AvailableLots":49,"LotType":"C","Agency":"HDB"},{"CarParkID":"B34","Area":"","Development":"BLK 134/136 BEDOK NORTH AVENUE 3","Location":"1.328312294 103.9356734","AvailableLots":162,"LotType":"C","Agency":"HDB"},{"CarParkID":"B35","Area":"","Development":"BLK 137/140 BEDOK NORTH AVENUE 3","Location":"1.329058097 103.9351762","AvailableLots":46,"LotType":"C","Agency":"HDB"},{"CarParkID":"B40","Area":"","Development":"BLK 504/507 BEDOK NORTH STREET 3","Location":"1.332549948 103.9327701","AvailableLots":243,"LotType":"C","Agency":"HDB"},{"CarParkID":"B41","Area":"","Development":"BLK 510 BEDOK NORTH STREET 3","Location":"1.332554918 103.9314929","AvailableLots":0,"LotType":"C","Agency":"HDB"},{"CarParkID":"B42","Area":"","Development":"BLK 509/511 BEDOK NORTH STREET 3","Location":"1.332451791 103.9308212","AvailableLots":74,"LotType":"C","Agency":"HDB"},{"CarParkID":"B43","Area":"","Development":"BLK 519/522 553 BEDOK NORTH AVENUE 1/2","Location":"1.331105187 103.9276034","AvailableLots":104,"LotType":"C","Agency":"HDB"},{"CarParkID":"B44","Area":"","Development":"BLK 528/536 BEDOK NORTH STREET 3","Location":"1.333971252 103.9275088","AvailableLots":380,"LotType":"C","Agency":"HDB"},{"CarParkID":"B45","Area":"","Development":"BLK 537/539 BEDOK NORTH STREET 3","Location":"1.331679984 103.925429","AvailableLots":28,"LotType":"C","Agency":"HDB"},{"CarParkID":"B46","Area":"","Development":"BLK 537/538 BEDOK NORTH STREET 3","Location":"1.331321224 103.924182","AvailableLots":60,"LotType":"C","Agency":"HDB"},{"CarParkID":"B47","Area":"","Development":"BLK 540/542 BEDOK NORTH STREET 3","Location":"1.330895915 103.9222478","AvailableLots":135,"LotType":"C","Agency":"HDB"},{"CarParkID":"B48","Area":"","Development":"BLK 543/547 BEDOK NORTH STREET 3","Location":"1.330095928 103.9234212","AvailableLots":64,"LotType":"C","Agency":"HDB"},{"CarParkID":"B49","Area":"","Development":"BLK 549/551 BEDOK NORTH AVENUE 1","Location":"1.332185767 103.9266682","AvailableLots":64,"LotType":"C","Agency":"HDB"},{"CarParkID":"B50","Area":"","Development":"BLK 601/605 BEDOK RESERVOIR ROAD","Location":"1.330447091 103.9130666","AvailableLots":154,"LotType":"C","Agency":"HDB"},{"CarParkID":"B51","Area":"","Development":"BLK 611/616 BEDOK RESERVOIR ROAD","Location":"1.3321465 103.9163962","AvailableLots":134,"LotType":"C","Agency":"HDB"},{"CarParkID":"B52","Area":"","Development":"BLK 617/624 BEDOK RESERVOIR ROAD","Location":"1.33390918 103.9178942","AvailableLots":85,"LotType":"C","Agency":"HDB"},{"CarParkID":"B53","Area":"","Development":"BLK 625/629 BEDOK RESERVOIR ROAD","Location":"1.334251489 103.9151772","AvailableLots":21,"LotType":"C","Agency":"HDB"},{"CarParkID":"B54","Area":"","Development":"BLK 630/632 BEDOK RESERVOIR ROAD","Location":"1.333363744 103.9152037","AvailableLots":0,"LotType":"C","Agency":"HDB"},{"CarParkID":"B57","Area":"","Development":"BLK 701/708 BEDOK RESERVOIR ROAD","Location":"1.335843395 103.9190193","AvailableLots":172,"LotType":"C","Agency":"HDB"},{"CarParkID":"B59","Area":"","Development":"BLK 716/718/721 BEDOK RESERVOIR ROAD","Location":"1.337459185 103.9259534","AvailableLots":113,"LotType":"C","Agency":"HDB"},{"CarParkID":"B60","Area":"","Development":"BLK 722/725 BEDOK RESERVOIR ROAD","Location":"1.337194222 103.9290567","AvailableLots":68,"LotType":"C","Agency":"HDB"},{"CarParkID":"B63","Area":"","Development":"BLK 739/745 BEDOK RESERVOIR ROAD","Location":"1.338153727 103.9226165","AvailableLots":45,"LotType":"C","Agency":"HDB"},{"CarParkID":"B65","Area":"","Development":"BLK 155/172 BEDOK SOUTH ROAD/AVE 3","Location":"1.32003291 103.9456593","AvailableLots":193,"LotType":"C","Agency":"HDB"},{"CarParkID":"B66","Area":"","Development":"BLK 637A BEDOK RESERVOIR ROAD","Location":"1.330548155 103.9043396","AvailableLots":265,"LotType":"C","Agency":"HDB"},{"CarParkID":"B67","Area":"","Development":"BLK 649A JALAN TENAGA","Location":"1.332015772 103.9063948","AvailableLots":29,"LotType":"C","Agency":"HDB"},{"CarParkID":"B69","Area":"","Development":"BLK 94A BEDOK NORTH AVENUE 4","Location":"1.333426184 103.9419707","AvailableLots":165,"LotType":"C","Agency":"HDB"},{"CarParkID":"B70","Area":"","Development":"BLK 201 BEDOK NORTH ST 1","Location":"1.326289845 103.9279955","AvailableLots":23,"LotType":"C","Agency":"HDB"},{"CarParkID":"B71","Area":"","Development":"BLK 29C CHAI CHEE AVENUE","Location":"1.324293889 103.9243004","AvailableLots":122,"LotType":"C","Agency":"HDB"},{"CarParkID":"B72","Area":"","Development":"BLK 660A JALAN TENAGA","Location":"1.33437706 103.9073898","AvailableLots":89,"LotType":"C","Agency":"HDB"},{"CarParkID":"B73","Area":"","Development":"BLK 651A JALAN TENAGA","Location":"1.332492268 103.9069672","AvailableLots":35,"LotType":"C","Agency":"HDB"},{"CarParkID":"B74","Area":"","Development":"BLK 671A JALAN DAMAI","Location":"1.332846853 103.9090553","AvailableLots":134,"LotType":"C","Agency":"HDB"},{"CarParkID":"B75","Area":"","Development":"BLK 613C BEDOK RESERVOIR ROAD","Location":"1.333038103 103.9175262","AvailableLots":249,"LotType":"C","Agency":"HDB"},{"CarParkID":"B79","Area":"","Development":"BLK 772A BEDOK RESERVOIR VIEW","Location":"1.336776156 103.9374066","AvailableLots":845,"LotType":"C","Agency":"HDB"},{"CarParkID":"B7A","Area":"","Development":"BLK 216/218 BEDOK NORTH ST 1","Location":"1.327131692 103.934037","AvailableLots":60,"LotType":"C","Agency":"HDB"},{"CarParkID":"B7B","Area":"","Development":"BEDOK CENTRAL","Location":"1.326521502 103.93484","AvailableLots":15,"LotType":"C","Agency":"HDB"},{"CarParkID":"B80","Area":"","Development":"BLK 739A BEDOK RESERVOIR ROAD","Location":"1.338268304 103.9233606","AvailableLots":236,"LotType":"C","Agency":"HDB"},{"CarParkID":"B81","Area":"","Development":"BLK 30A NEW UPPER CHANGI ROAD","Location":"1.323211124 103.9349426","AvailableLots":415,"LotType":"C","Agency":"HDB"},{"CarParkID":"B83","Area":"","Development":"BLK 21A CHAI CHEE ROAD","Location":"1.326469014 103.9222713","AvailableLots":112,"LotType":"C","Agency":"HDB"},{"CarParkID":"B84","Area":"","Development":"BLK 215A BEDOK CENTRAL","Location":"1.32622611 103.9342048","AvailableLots":504,"LotType":"C","Agency":"HDB"},{"CarParkID":"B85","Area":"","Development":"BLK 184 BEDOK NORTH RD","Location":"1.326080246 103.9413578","AvailableLots":318,"LotType":"C","Agency":"HDB"},{"CarParkID":"B86","Area":"","Development":"BLK 114A BEDOK NORTH ST 2","Location":"1.330720263 103.9355693","AvailableLots":50,"LotType":"C","Agency":"HDB"},{"CarParkID":"B88","Area":"","Development":"BLK 34A BED0K SOUTH AVE 2","Location":"1.322250932 103.938324","AvailableLots":98,"LotType":"C","Agency":"HDB"},{"CarParkID":"B89","Area":"","Development":"BLK 116A BEDOK NORTH ROAD","Location":"1.330959179 103.9372655","AvailableLots":109,"LotType":"C","Agency":"HDB"},{"CarParkID":"B90","Area":"","Development":"BLK 35A BEDOK SOUTH AVE 2","Location":"1.322520623 103.9396488","AvailableLots":75,"LotType":"C","Agency":"HDB"},{"CarParkID":"B91","Area":"","Development":"BLK 630 BEDOK RESERVOIR ROAD","Location":"1.332797324 103.9142523","AvailableLots":43,"LotType":"C","Agency":"HDB"},{"CarParkID":"B92","Area":"","Development":"BLK 2A BEDOK SOUTH AVE 1","Location":"1.321697394 103.9339351","AvailableLots":413,"LotType":"C","Agency":"HDB"},{"CarParkID":"B94","Area":"","Development":"BLK 513A BEDOK NORTH AVE 2","Location":"1.332260166 103.9293574","AvailableLots":272,"LotType":"C","Agency":"HDB"},{"CarParkID":"B95","Area":"","Development":"BLK 220 BEDOK CENTRAL","Location":"1.32551298 103.9350827","AvailableLots":196,"LotType":"C","Agency":"HDB"},{"CarParkID":"B96","Area":"","Development":"BLK 219 BEDOK CENTRAL","Location":"1.32496629 103.9329516","AvailableLots":122,"LotType":"C","Agency":"HDB"},{"CarParkID":"B97","Area":"","Development":"BLK 714A BEDOK RESERVOIR ROAD","Location":"1.33615579 103.9235081","AvailableLots":233,"LotType":"C","Agency":"HDB"},{"CarParkID":"B98","Area":"","Development":"BLK 748 BEDOK RESERVOIR CRESCENT","Location":"1.33607942 103.9219169","AvailableLots":246,"LotType":"C","Agency":"HDB"},{"CarParkID":"BBB","Area":"","Development":"BLK 232 BRAS BASAH BASEMENT CAR PARK","Location":"1.296580028 103.8536632","AvailableLots":142,"LotType":"C","Agency":"HDB"},{"CarParkID":"BE3","Area":"","Development":"BLK 401-408 SIN MING AVE","Location":"1.36236382 103.8344066","AvailableLots":55,"LotType":"C","Agency":"HDB"},{"CarParkID":"BE4","Area":"","Development":"BLK 101-116 BISHAN STREET 12","Location":"1.346495537 103.8483778","AvailableLots":301,"LotType":"C","Agency":"HDB"},{"CarParkID":"BE5","Area":"","Development":"BLK 117-134 BISHAN STREET 12","Location":"1.346177376 103.8509611","AvailableLots":204,"LotType":"C","Agency":"HDB"},{"CarParkID":"BE6","Area":"","Development":"BLK 135/138 BISHAN STREET 12","Location":"1.344748214 103.8518833","AvailableLots":92,"LotType":"C","Agency":"HDB"},{"CarParkID":"BE7","Area":"","Development":"BLK 139-144 BISHAN STREET 12","Location":"1.345004699 103.8530229","AvailableLots":4,"LotType":"C","Agency":"HDB"},{"CarParkID":"BE8","Area":"","Development":"BLK 145-150A, 151 BISHAN STREET 11","Location":"1.344436392 103.8553148","AvailableLots":296,"LotType":"C","Agency":"HDB"},{"CarParkID":"BE9","Area":"","Development":"BLK 153-167 BISHAN STREET 13","Location":"1.347170262 103.8561828","AvailableLots":203,"LotType":"C","Agency":"HDB"},{"CarParkID":"BH1","Area":"","Development":"BLK 1 THOMSON ROAD","Location":"1.324991365 103.8424599","AvailableLots":47,"LotType":"C","Agency":"HDB"},{"CarParkID":"BH2","Area":"","Development":"BLK 2 BALESTIER ROAD","Location":"1.326045973 103.8428582","AvailableLots":35,"LotType":"C","Agency":"HDB"},{"CarParkID":"BJ1","Area":"","Development":"BLK 130-140 CASHEW ROAD","Location":"1.37395668 103.769323","AvailableLots":116,"LotType":"C","Agency":"HDB"},{"CarParkID":"BJ2","Area":"","Development":"BLK 141-151 GANGSA/PETIR ROAD","Location":"1.376135031 103.7666613","AvailableLots":55,"LotType":"C","Agency":"HDB"},{"CarParkID":"BJ3","Area":"","Development":"BLK 101/129 GANGSA ROAD/PENDING ROAD","Location":"1.377310194 103.7693773","AvailableLots":356,"LotType":"C","Agency":"HDB"},{"CarParkID":"BJ4","Area":"","Development":"BLK 219/233 PETIR ROAD","Location":"1.375459719 103.7723545","AvailableLots":344,"LotType":"C","Agency":"HDB"},{"CarParkID":"BJ8","Area":"","Development":"BLK 201/218 PETIR ROAD","Location":"1.374612729 103.7737107","AvailableLots":272,"LotType":"C","Agency":"HDB"},{"CarParkID":"BL3","Area":"","Development":"BLK 174/179 BOON LAY DRIVE","Location":"1.346874708 103.7092346","AvailableLots":130,"LotType":"C","Agency":"HDB"},{"CarParkID":"BL8","Area":"","Development":"BLK 221 BOON LAY PLACE","Location":"1.345425134 103.7133909","AvailableLots":323,"LotType":"C","Agency":"HDB"},{"CarParkID":"BLM","Area":"","Development":"BLK 10 BENDEMEER ROAD","Location":"1.31550644 103.8609587","AvailableLots":306,"LotType":"C","Agency":"HDB"},{"CarParkID":"BM1","Area":"","Development":"BLK 28 JALAN BUKIT MERAH","Location":"1.286273508 103.8096692","AvailableLots":15,"LotType":"C","Agency":"HDB"},{"CarParkID":"BM2","Area":"","Development":"BLK 28 HOY FATT ROAD","Location":"1.286850768 103.8099531","AvailableLots":17,"LotType":"C","Agency":"HDB"},{"CarParkID":"BM3","Area":"","Development":"BLK 49/50 HOY FATT ROAD","Location":"1.287707766 103.8115278","AvailableLots":0,"LotType":"C","Agency":"HDB"},{"CarParkID":"BM4","Area":"","Development":"BLK 35A JALAN RUMAH TINGGI","Location":"1.287667284 103.8089551","AvailableLots":14,"LotType":"C","Agency":"HDB"},{"CarParkID":"BM5","Area":"","Development":"BLKS 8/10 JALAN RUMAH TINGGI","Location":"1.288431556 103.8076195","AvailableLots":1,"LotType":"H","Agency":"HDB"},{"CarParkID":"BM5","Area":"","Development":"BLKS 8/10 JALAN RUMAH TINGGI","Location":"1.288431556 103.8076195","AvailableLots":0,"LotType":"C","Agency":"HDB"},{"CarParkID":"BM5","Area":"","Development":"BLKS 8/10 JALAN RUMAH TINGGI","Location":"1.288431556 103.8076195","AvailableLots":4,"LotType":"Y","Agency":"HDB"},{"CarParkID":"BM6","Area":"","Development":"BLK 61 LENGKOK BAHRU","Location":"1.289533391 103.8137645","AvailableLots":0,"LotType":"H","Agency":"HDB"},{"CarParkID":"BM6","Area":"","Development":"BLK 61 LENGKOK BAHRU","Location":"1.289533391 103.8137645","AvailableLots":0,"LotType":"Y","Agency":"HDB"},{"CarParkID":"BM6","Area":"","Development":"BLK 61 LENGKOK BAHRU","Location":"1.289533391 103.8137645","AvailableLots":2,"LotType":"C","Agency":"HDB"},{"CarParkID":"BM9","Area":"","Development":"BLK 58/59 LENGKOK BAHRU","Location":"1.289097999 103.814358","AvailableLots":121,"LotType":"C","Agency":"HDB"},{"CarParkID":"BP1","Area":"","Development":"BLK 101/109 BUKIT PURMEI ROAD","Location":"1.272794946 103.82487","AvailableLots":202,"LotType":"C","Agency":"HDB"},{"CarParkID":"BP2","Area":"","Development":"BLK 110/115 BUKIT PURMEI ROAD","Location":"1.274091691 103.8270043","AvailableLots":106,"LotType":"C","Agency":"HDB"},{"CarParkID":"BR4","Area":"","Development":"BLK 81/89 WHAMPOA DRIVE","Location":"1.32357726 103.8554214","AvailableLots":218,"LotType":"C","Agency":"HDB"},{"CarParkID":"BR5","Area":"","Development":"BLK 74/75 WHAMPOA DRIVE","Location":"1.324908971 103.8581906","AvailableLots":55,"LotType":"C","Agency":"HDB"},{"CarParkID":"BR6","Area":"","Development":"BLK 92 WHAMPOA DRIVE","Location":"1.323038825 103.8535358","AvailableLots":105,"LotType":"C","Agency":"HDB"},{"CarParkID":"BR8","Area":"","Development":"BLK 76/77 LORONG LIMAU","Location":"1.325160011 103.8545583","AvailableLots":34,"LotType":"C","Agency":"HDB"},{"CarParkID":"BR9","Area":"","Development":"BLK 69 MOULMEIN ROAD","Location":"1.31896257 103.8507431","AvailableLots":26,"LotType":"C","Agency":"HDB"},{"CarParkID":"BRM","Area":"","Development":"BLK 39 BENDEMEER ROAD","Location":"1.320747202 103.8661729","AvailableLots":182,"LotType":"C","Agency":"HDB"},{"CarParkID":"BTM","Area":"","Development":"BLK 2B BOON TIONG ROAD","Location":"1.286783924 103.8332897","AvailableLots":0,"LotType":"H","Agency":"HDB"},{"CarParkID":"BTM","Area":"","Development":"BLK 2B BOON TIONG ROAD","Location":"1.286783924 103.8332897","AvailableLots":71,"LotType":"Y","Agency":"HDB"},{"CarParkID":"BTM","Area":"","Development":"BLK 2B BOON TIONG ROAD","Location":"1.286783924 103.8332897","AvailableLots":96,"LotType":"C","Agency":"HDB"},{"CarParkID":"BWM","Area":"","Development":"BLK 2A JLN BUKIT MERAH","Location":"1.286875302 103.8066545","AvailableLots":114,"LotType":"C","Agency":"HDB"},{"CarParkID":"C10","Area":"","Development":"BLK 339,341,344-345,371-381 CLEMENTI AVENUE 5","Location":"1.318463207 103.7689629","AvailableLots":50,"LotType":"H","Agency":"HDB"},{"CarParkID":"C10","Area":"","Development":"BLK 339,341,344-345,371-381 CLEMENTI AVENUE 5","Location":"1.318463207 103.7689629","AvailableLots":337,"LotType":"C","Agency":"HDB"},{"CarParkID":"C10","Area":"","Development":"BLK 339,341,344-345,371-381 CLEMENTI AVENUE 5","Location":"1.318463207 103.7689629","AvailableLots":166,"LotType":"Y","Agency":"HDB"},{"CarParkID":"C11","Area":"","Development":"BLK 321-322,324-326 CLEMENTI AVENUE 5","Location":"1.31589499 103.7661416","AvailableLots":34,"LotType":"C","Agency":"HDB"},{"CarParkID":"C12","Area":"","Development":"BLK 301-302,305-308 CLEMENTI AVENUE 4","Location":"1.321789844 103.7661061","AvailableLots":151,"LotType":"C","Agency":"HDB"},{"CarParkID":"C12","Area":"","Development":"BLK 301-302,305-308 CLEMENTI AVENUE 4","Location":"1.321789844 103.7661061","AvailableLots":82,"LotType":"Y","Agency":"HDB"},{"CarParkID":"C12","Area":"","Development":"BLK 301-302,305-308 CLEMENTI AVENUE 4","Location":"1.321789844 103.7661061","AvailableLots":50,"LotType":"H","Agency":"HDB"},{"CarParkID":"C16","Area":"","Development":"BLK 430-435 CLEMENTI AVE 3","Location":"1.314313927 103.7624816","AvailableLots":134,"LotType":"C","Agency":"HDB"},{"CarParkID":"C17","Area":"","Development":"BLK 442-444,442A CLEMENTI AVE 3","Location":"1.313857729 103.7638966","AvailableLots":1,"LotType":"H","Agency":"HDB"},{"CarParkID":"C17","Area":"","Development":"BLK 442-444,442A CLEMENTI AVE 3","Location":"1.313857729 103.7638966","AvailableLots":24,"LotType":"C","Agency":"HDB"},{"CarParkID":"C17","Area":"","Development":"BLK 442-444,442A CLEMENTI AVE 3","Location":"1.313857729 103.7638966","AvailableLots":0,"LotType":"Y","Agency":"HDB"},{"CarParkID":"C18","Area":"","Development":"BLK 426/428 CLEMENTI AVE 3","Location":"1.312271663 103.7633744","AvailableLots":50,"LotType":"C","Agency":"HDB"},{"CarParkID":"C20","Area":"","Development":"BLK 449-451 CLEMENTI AVE 3","Location":"1.313347821 103.7652617","AvailableLots":132,"LotType":"C","Agency":"HDB"},{"CarParkID":"C24","Area":"","Development":"BLK 110/118 CLEMENTI STREET 13","Location":"1.324197621 103.7712867","AvailableLots":0,"LotType":"H","Agency":"HDB"},{"CarParkID":"C24","Area":"","Development":"BLK 110/118 CLEMENTI STREET 13","Location":"1.324197621 103.7712867","AvailableLots":49,"LotType":"Y","Agency":"HDB"},{"CarParkID":"C24","Area":"","Development":"BLK 110/118 CLEMENTI STREET 13","Location":"1.324197621 103.7712867","AvailableLots":131,"LotType":"C","Agency":"HDB"},{"CarParkID":"C25","Area":"","Development":"BLK 101-104 CLEMENTI STREET 14","Location":"1.322392723 103.7690555","AvailableLots":10,"LotType":"Y","Agency":"HDB"},{"CarParkID":"C25","Area":"","Development":"BLK 101-104 CLEMENTI STREET 14","Location":"1.322392723 103.7690555","AvailableLots":52,"LotType":"C","Agency":"HDB"},{"CarParkID":"C25","Area":"","Development":"BLK 101-104 CLEMENTI STREET 14","Location":"1.322392723 103.7690555","AvailableLots":0,"LotType":"H","Agency":"HDB"},{"CarParkID":"C26","Area":"","Development":"BLK 105-107 CLEMENTI STREET 12","Location":"1.322587761 103.7699291","AvailableLots":0,"LotType":"C","Agency":"HDB"},{"CarParkID":"C26","Area":"","Development":"BLK 105-107 CLEMENTI STREET 12","Location":"1.322587761 103.7699291","AvailableLots":4,"LotType":"H","Agency":"HDB"},{"CarParkID":"C26","Area":"","Development":"BLK 105-107 CLEMENTI STREET 12","Location":"1.322587761 103.7699291","AvailableLots":11,"LotType":"Y","Agency":"HDB"},{"CarParkID":"C27","Area":"","Development":"BLK 108/109 CLEMENTI STREET 11","Location":"1.322242263 103.7705128","AvailableLots":0,"LotType":"H","Agency":"HDB"},{"CarParkID":"C27","Area":"","Development":"BLK 108/109 CLEMENTI STREET 11","Location":"1.322242263 103.7705128","AvailableLots":10,"LotType":"Y","Agency":"HDB"},{"CarParkID":"C27","Area":"","Development":"BLK 108/109 CLEMENTI STREET 11","Location":"1.322242263 103.7705128","AvailableLots":0,"LotType":"C","Agency":"HDB"},{"CarParkID":"C29","Area":"","Development":"BLK 501-505 WEST COAST DRIVE","Location":"1.312614612 103.7592318","AvailableLots":160,"LotType":"C","Agency":"HDB"},{"CarParkID":"C30","Area":"","Development":"BLK 507-509 WEST COAST DRIVE","Location":"1.311458097 103.7614211","AvailableLots":101,"LotType":"C","Agency":"HDB"},{"CarParkID":"C31","Area":"","Development":"BLK 510/511 WEST COAST ROAD","Location":"1.310563194 103.7605991","AvailableLots":28,"LotType":"C","Agency":"HDB"},{"CarParkID":"C32","Area":"","Development":"BLK 514-519 WEST COAST ROAD","Location":"1.308625559 103.7590812","AvailableLots":97,"LotType":"C","Agency":"HDB"},{"CarParkID":"C33","Area":"","Development":"BLK 601-613 CLEMENTI WEST STREET 1","Location":"1.304559438 103.7668576","AvailableLots":292,"LotType":"C","Agency":"HDB"},{"CarParkID":"C34","Area":"","Development":"BLK 702/703 WEST COAST ROAD","Location":"1.307010315 103.7609363","AvailableLots":11,"LotType":"C","Agency":"HDB"},{"CarParkID":"C35","Area":"","Development":"BLK 704-714 CLEMENTI WEST STREET 2","Location":"1.305612302 103.7614392","AvailableLots":230,"LotType":"C","Agency":"HDB"},{"CarParkID":"C36","Area":"","Development":"BLK 728/729 CLEMENTI WEST STREET 2","Location":"1.305309675 103.7635574","AvailableLots":4,"LotType":"C","Agency":"HDB"},{"CarParkID":"C37","Area":"","Development":"BLK 720-727,730-731 CLEMENTI WEST STREET 2","Location":"1.303538317 103.7639717","AvailableLots":269,"LotType":"C","Agency":"HDB"},{"CarParkID":"C38","Area":"","Development":"BLK 715-717 CLEMENTI WEST STREET 2","Location":"1.302806668 103.7625268","AvailableLots":63,"LotType":"C","Agency":"HDB"},{"CarParkID":"C3M","Area":"","Development":"BLK 416A CLEMENTI AVE 1","Location":"1.309813588 103.770131","AvailableLots":291,"LotType":"C","Agency":"HDB"},{"CarParkID":"C3M","Area":"","Development":"BLK 416A CLEMENTI AVE 1","Location":"1.309813588 103.770131","AvailableLots":265,"LotType":"Y","Agency":"HDB"},{"CarParkID":"C3M","Area":"","Development":"BLK 416A CLEMENTI AVE 1","Location":"1.309813588 103.770131","AvailableLots":0,"LotType":"H","Agency":"HDB"},{"CarParkID":"C4M","Area":"","Development":"BLK 413A COMMONWEALTH AVENUE WEST","Location":"1.311480109 103.7705025","AvailableLots":114,"LotType":"C","Agency":"HDB"},{"CarParkID":"C4M","Area":"","Development":"BLK 413A COMMONWEALTH AVENUE WEST","Location":"1.311480109 103.7705025","AvailableLots":33,"LotType":"Y","Agency":"HDB"},{"CarParkID":"C4M","Area":"","Development":"BLK 413A COMMONWEALTH AVENUE WEST","Location":"1.311480109 103.7705025","AvailableLots":0,"LotType":"H","Agency":"HDB"},{"CarParkID":"CAM","Area":"","Development":"BLK 88 TANGLIN HALT RD","Location":"1.301821057 103.7982057","AvailableLots":0,"LotType":"H","Agency":"HDB"},{"CarParkID":"CAM","Area":"","Development":"BLK 88 TANGLIN HALT RD","Location":"1.301821057 103.7982057","AvailableLots":182,"LotType":"C","Agency":"HDB"},{"CarParkID":"CAM","Area":"","Development":"BLK 88 TANGLIN HALT RD","Location":"1.301821057 103.7982057","AvailableLots":92,"LotType":"Y","Agency":"HDB"},{"CarParkID":"CC1","Area":"","Development":"BLK 1/2 CHAI CHEE STREET","Location":"1.326621271 103.9229114","AvailableLots":87,"LotType":"C","Agency":"HDB"},{"CarParkID":"CC4","Area":"","Development":"BLK 22/24, 59/63, 803/805 CHAI CHEE ROAD","Location":"1.325761538 103.9213875","AvailableLots":87,"LotType":"C","Agency":"HDB"},{"CarParkID":"CC5","Area":"","Development":"BLK 27 CHAI CHEE ROAD","Location":"1.324822461 103.9234007","AvailableLots":53,"LotType":"C","Agency":"HDB"},{"CarParkID":"CC6","Area":"","Development":"BLK 25-27 CHAI CHEE ROAD","Location":"1.323513814 103.9235646","AvailableLots":37,"LotType":"C","Agency":"HDB"},{"CarParkID":"CC7","Area":"","Development":"BLK 29/37 CHAI CHEE AVENUE","Location":"1.325246206 103.9256873","AvailableLots":90,"LotType":"C","Agency":"HDB"},{"CarParkID":"CC8","Area":"","Development":"BLK 55/58 CHAI CHEE DRIVE","Location":"1.326895488 103.9194412","AvailableLots":0,"LotType":"C","Agency":"HDB"},{"CarParkID":"CC9","Area":"","Development":"BLK 41/42 CHAI CHEE STREET","Location":"1.327720116 103.9259951","AvailableLots":56,"LotType":"C","Agency":"HDB"},{"CarParkID":"CDM","Area":"","Development":"BLK 54 CWEALTH DR","Location":"1.301636409 103.7967914","AvailableLots":82,"LotType":"Y","Agency":"HDB"},{"CarParkID":"CDM","Area":"","Development":"BLK 54 CWEALTH DR","Location":"1.301636409 103.7967914","AvailableLots":0,"LotType":"H","Agency":"HDB"},{"CarParkID":"CDM","Area":"","Development":"BLK 54 CWEALTH DR","Location":"1.301636409 103.7967914","AvailableLots":117,"LotType":"C","Agency":"HDB"},{"CarParkID":"CK1","Area":"","Development":"BLK 101/108 TECK WHYE LANE","Location":"1.377844092 103.7533965","AvailableLots":48,"LotType":"C","Agency":"HDB"},{"CarParkID":"CK2","Area":"","Development":"BLK 109/117 TECK WHYE LANE","Location":"1.379252781 103.7513717","AvailableLots":145,"LotType":"C","Agency":"HDB"},{"CarParkID":"CK3","Area":"","Development":"BLK 118/124 TECK WHYE LANE","Location":"1.378605924 103.7500625","AvailableLots":76,"LotType":"C","Agency":"HDB"},{"CarParkID":"CK4","Area":"","Development":"BLK 135-138,141,142 & 145 TECK WHYE LANE/AVE","Location":"1.380143703 103.7516624","AvailableLots":1,"LotType":"C","Agency":"HDB"},{"CarParkID":"CK6","Area":"","Development":"BLK 143, 144 & 146 TECK WHYE LANE","Location":"1.380732698 103.7531056","AvailableLots":36,"LotType":"C","Agency":"HDB"},{"CarParkID":"CK7","Area":"","Development":"BLK 135A TECK WHYE LANE","Location":"1.380282259 103.7519605","AvailableLots":212,"LotType":"C","Agency":"HDB"}]}